1909-09-24,10000,F,Agra,Carol,FLAT 604 HIG/5 (6TH FLOOR) GULMOHAR CHS PRATIKSHA NAGAR SION EAST MUMBAI,4671889215
1920-10-03,10001,F,Ahmedabad,Denise,C/O AMAR BUILDERS GANJ PARA DURG M P,2631961187
1926-10-01,10002,F,Ahmedabad,Rebecca,H No 1094 Palmargrande Chinchinim Salcete,4704582736
1929-05-12,10003,F,Ahmedabad,Carolyn,"11, PROFFESAR SOCIETY OPP. SURYA MANDIR  BORSAD",1795387418
1933-09-06,10004,M,Ahmedabad,Christopher,2663 OLD Y BLOCK 9TH STREET 12TH MAIN ROAD ANNA NAGAR CHENNAI TAMILNADU CHENNAI,5991459253
1941-03-31,10005,F,Ahmedabad,Maria,CHAKUBHAI NO KHANCHO GOL BAZAR  MAHUVA,6908879341
1947-10-10,10006,M,Ahmedabad,Philip,26/A 2 SANKEY ROAD BANGALORE,5875778517
1963-01-30,10007,M,Ahmedabad,Shawn,SHRI GANPATI APARTMENT KHARE TOWN DHARAM PETH NAGPUR/10,9753887736
1967-08-18,10008,M,Ahmedabad,Joshua,B 70B LAVENDER RAHEJA GARDEN WANAVDI   PUNE MAHARASHTRA,9029956181
1970-12-01,10009,F,Ahmedabad,Nicole,"403,ADAMJI BUILDING 413,NARSHI NATHA STREET BOMBAY",713296462
1970-12-19,10010,F,Ahmedabad,Bonnie,"3RD FLOOR, DTC BUILDING EDC COMPLEX PATTO PLAZA PANJIM, GOA.",4032322365
1971-04-15,10011,M,Ahmedabad,Keith,49 / 52 /5/4  SHANTIPURAM VISAKHAPATNAM,4859710272
1972-10-31,10012,M,Ahmedabad,Brian,13/A MUNISUVRAT DARSHAN SOC 4TH FLR NAVROJI LANE GHATKOPAR WEST MUMBAI,5559994243
1973-05-26,10013,M,Ahmedabad,Steven,10 32ND CROSS NINGTH MAIN FOURTH BLOCK JAYANAGAR BANGALORE,6134826467
1977-12-06,10014,F,Ahmedabad,Melissa,Lalani Bhawan Bihand SBBJ Bank Industrial Area Rani Bazar Bikaner,4012953976
1990-06-07,10015,F,Ahmedabad,Anne,"10/A, NIDHIVAN APTTS UMRA NORTH, B/H. GOKUL ROW HOUSES ATHWALINES SURAT",6942487688
1996-09-12,10016,F,Ahmedabad,Elizabeth,C/O SHRI PADAM KUMAR JAIN SPFL SECURITIES LTD SPFL HOUSE 15/63/M CIVIL LINES KANPUR,1852975600
2000-05-01,10017,F,Ahmednagar,Irene,"C/O,MALLINATH ACCOUT. SERVICE BINDU SHOPPING CENTRE PANJRAPOLE ROAD BOTAD",4147902111
2003-03-07,10018,F,Ahmednagar,Theresa,2141  NEWPORT PLACE NW APT  3 WASHINGTON  DC U S A,9550239607
2004-09-03,10019,F,Alappuzha,Theresa,SREEKUMAR BHAVAN LAKASSERY CHENGANNUR CHENGANNUR,6323277358
2007-01-27,10020,F,Alappuzha,Sara,RAJ SPORTS COMPANY MAIN ROAD RANCHI RANCHI,6971887385
2007-05-27,10021,F,Alappuzha,Jessica,HOSPITAL ROAD PADRAUNA (U.P),8779844227
2009-05-09,10022,M,Alappuzha,Brandon,CHITTARANJAN ROAD LAKHI SARAI,4280180440
2011-01-15,10023,F,Alappuzha,Mary,1ST FLOOR  DOOR NO 235 WARD NO 16/32  OLD MEDAR ROAD KOTE SUB ROAD HOSPET,3608003961
2012-02-05,10024,F,Allahabad,Phyllis,34 MAHATMA GANDHI MARG ALLAHABAD ALLAHABAD,430347917
1902-11-05,10025,F,Allahabad,Melissa,C/O HIKAL CHEMICAL IND LTD A 18 MIDC MAHAD DIST RAIGAD,1802906514
1904-10-25,10026,M,Amreli,Patrick,PLOT NO.25 RUTA HSG SOC IDEAL COLONY PAUD ROAD KOTHRUD PUNE,3100379213
1905-01-18,10027,F,Amreli,Sandra,PEOPLES HOMEO CLINIC OLD SBH STREET TANUKU WEST GODAVARI DIST   A.P.,4629026558
1906-02-15,10028,F,Banas Kantha,Carol,"A 13, VIVEKANANDA NAGAR DINDIGUL",7456979257
1911-06-20,10029,M,Banas Kantha,Joshua,21/ NEHRU NAGAR KHALASI LINE  SAHARANPUR,4935012145
1916-02-02,10030,M,Banas Kantha,Eric,23A CHINNA STREET PANAPAKKAM  ARAKKONAM,8002888776
1925-08-28,10031,M,Banas Kantha,Wayne,23/68 FIRST FLOOR LANGFOLD ROAD BANGALORE,8319687821
1929-11-30,10032,F,Bangalore Urban,Evelyn,"RAM AUTAR GUPTA, OPP./HINDI HIGH SCHOOL, SHASTRINAGAR,BURNPUR, BURDWAN",8843600512
1940-05-20,10033,F,Bangalore Urban,Linda,154 BLOCK A DARUL SHAFA LUCKNOW,8682877812
1944-06-25,10034,M,Bangalore Urban,Paul,1/22 ADITI APPARTMENT NR GUJARAT COLLEGE ELLISBRIDGE AHMEDABAD,9540763276
1948-08-07,10035,F,Bangalore Urban,Dorothy,CF/01 VARADHA BLOCK VASUDHARA ENCLAVE 78 TPK ROAD ANDALPURAM MADURAI,8721044112
1951-05-19,10036,M,Bangalore Urban,Jack,DOOR NO 16/11/741/D/32/A 1ST FLOOR KARUNA NILAYAM MOOSARAMBAGH HYDERABAD,4884719441
1951-12-25,10037,M,Bangalore Urban,Lawrence,MATHILAKATH VEETIL HOUSE NATTIKA BEACH PO THRISSUR KERALA,5930059262
1957-11-05,10038,M,Bangalore Urban,Michael,18/3 B  G R THOTTAM PALLAKADU  KASIPALAYAM ROAD VIJAYAPURAM/ PO TIRUPUR,8339652890
1958-01-05,10039,M,Bangalore Urban,Dennis,FLAT NO 302 GREEN IS THE COLOUR BLOCK/2 3RD MAIN NS PALYA BTM 2ND STAGE BANGALORE,8571791733
1974-04-15,10040,M,Bangalore Urban,George,3/3  KOUSALI  BLOCKS DESHPANDE  NAGAR HUBLI HUBLI,9859594516
1979-09-26,10041,F,Bangalore Urban,Jean,PRANAVAM THIRUTHIYAD CALICUT KERALA,1144397559
1980-08-26,10042,M,Bangalore Urban,Raymond,5/8/42/2 NANDANAM APRTMENTS NAMPALLY HYDERABAD,988347865
1986-11-10,10043,M,Bangalore Urban,Victor,VALOORAN HOUSE KUTHUKUZHY P O MAMANGALAM KOTHAMANGALAM,1390306071
1988-02-19,10044,M,Bangalore Urban,Walter,102 GOVINDAPPA NAICKEN STREET CHENNAI CHENNAI CHENNAI,4133474662
1990-09-17,10045,F,Bangalore Urban,Mildred,"8/178,T D WEST GATE SOUTH CHERLAI MATTANCHERRY KOCHI",6319146401
1995-07-16,10046,M,Bangalore Urban,Carl,A/201 EKSAR GURUKRUPA SOCIETY EKSAR ROAD BORIVALI WEST MUMBAI,8340969050
2000-12-24,10047,F,Bangalore Urban,Rachel,GURJEET KAUR NARANG SARDAR STEEL MILLS NEW COLONY MANDSAUR M P,8609344690
2005-03-27,10048,M,Bangalore Urban,Carlos,"PULARI, VELIYANAD P.O ERANAKULAM",9194929925
2005-12-07,10049,M,Bangalore Urban,William,2/1/132 M G ROAD SECUNDERABAD A P,807965881
1903-01-07,10050,M,Bangalore Urban,Ernest,301 SHALAKA ASHA NAGAR KANDIVALI (EAST) MUMBAI,5227443499
1907-10-27,10051,F,Bangalore Urban,Amy,14 SHARDA NAGAR NR SHARDA PO PALDI AHMEDABAD,3868779730
1908-07-28,10052,M,Bangalore Urban,Aaron,"C 15, MGO COLONY II GANESH NAGAR IST LANE, P C ROAD TUTICORIN",4033719194
1909-07-04,10053,F,Bangalore Urban,Joan,"P O BOX AP 59228 3D CAVES POINT WEST BAY ST NASSAU, BAHAMAS",5661782793
1913-12-16,10054,F,Bangalore Urban,Laura,503 RIVER QUEEN APARTMENT PARLE POINT AMBIKA NIKETAN ATHWALINES SURAT,764678341
1924-02-01,10055,M,Bangalore Urban,Walter,PARKSIDE HOUSE M.O.WARD ALLEPPEY KERALA,4210102861
1926-08-24,10056,M,Bangalore Urban,Raymond,B/13 MAHAVIR JYOTI II FLOOR VALLAUB BAUG LANE GHATKOPAR EAST MUMBAI,3789718462
1926-09-30,10057,M,Bangalore Urban,Robert,7/POURNAMI PO KARUVISSERY VENGERY KOZHIKODE,6621058078
1932-02-14,10058,F,Bardhaman,Betty,SAT GULLY MODHFALI NEAR GARBI MOTA CHOWK JETPUR,4911279319
1935-10-11,10059,F,Bardhaman,Kimberly,3/3 KOUSALI BLOCKS DESHPANDE NAGAR HUBLI HUBLI,6709967724
1947-07-31,10060,M,Barmer,Jeremy,"4, APURVA APPARTMENT SHIVRAM NAGAR GIRNAN TANK ROAD JALGAON",6120550674
1953-04-07,10061,M,Bellary,Harold,TCS LTD DISCOVERER BUILDING GROUND FLOOR ITPL  BANGALORE.,7616739068
1965-09-22,10062,M,Bharuch,Randy,KIZHAKKETHIL HOUSE CHEMMANTHATTA KECHERI TRICHUR DIST,6156574980
1971-06-19,10063,M,Bhavnagar,Ralph,SB CYCLE SOCY QUARTER GATE PUNE,6177914350
1973-01-13,10064,F,Bhavnagar,Beverly,MEDGULF CONSTRUCTIONS P O BOX 3603 STATE OF QATAR ARABIAN GULF DOHA QATAR,3357800866
1982-07-08,10065,F,Bhavnagar,Paula,SHRI GANPATI APARTMENT KHARE TOWN DHARAM PETH NAGPUR/10,8955273772
1982-07-21,10066,F,Bhavnagar,Janice,C/O GURMEJ SINGH SANDHU FARM  VPO BONKAR DOGREN LADOWAL   LUDHIANA PUNJAB,1467107237
1985-11-02,10067,M,Bhavnagar,Steve,3/3  KOUSALI  BLOCKS DESHPANDE  NAGAR HUBLI HUBLI,7927552949
1987-12-14,10068,F,Bhilwara,Gloria,A/2 GT FLOOR DWARKESH NIKETAN NEAR NUTAN HIGH SCHOOL MARVE RD MALAD W BOMBAY,7758142248
1994-10-20,10069,M,Bhopal,James,101 SNEHAL 41 ZIG ZAG ROAD PALI HILLS BANDRA WEST BOMBAY,7850340312
1998-01-23,10070,M,Bhopal,Steve,1/10 MAYUR NIVAS LAXMI ESTATE STATION ROAD VIKHROLI EAST MUMBAI,8613783829
1999-02-01,10071,F,Bhopal,Beverly,NANIK NIWAS 1ST FL RM NO 3 30/34 DR DD SATHE MARG OPERA HOUSE BOMBAY,2714165848
2003-01-14,10072,F,Bikaner,Mary,J 45 RESERVE BANK ENCLAVE PASCHIM VIHAR NEW DELHI,1289819915
2013-03-25,10073,M,Bikaner,Lawrence,B/8 WHITE HOUSE PANCHVATI CIRCLE AMBAWADI AHMEDABAD,4938634486
2014-02-08,10074,F,Bikaner,Debra,332/4 CHOWK SHARFFA GOAL DHARVAZA CHOWK LUCKNOW U P,3912662038
1903-09-20,10075,M,Bikaner,Ryan,B 3 ANIL FLATS DAFNALA ROAD SHAHIBAG AHMEDABAD,5759728279
1911-08-04,10076,M,Birbhum,Juan,CHANDAK BUILDING FIRST FLOOR FAFADIH ST NO 01 RAIPUR CG,9099159629
1922-05-01,10077,F,Central Delhi,Julie,PINJAR STREET MALESAR NAVSARI GUJARAT,6362991720
1922-07-30,10078,M,Central Delhi,Richard,18/3 B  G R THOTTAM PALLAKADU  KASIPALAYAM ROAD VIJAYAPURAM/ PO TIRUPUR,3595201583
1930-04-04,10079,F,Central Delhi,Alice,B/10 SHREYAS APARTMENT SHREYAS HILL AMBAVADI AHMEDABAD,3089482363
1940-02-23,10080,F,Chennai,Shirley,MISSON COMPOUND   JHANSI,8539976446
1940-07-07,10081,M,Chennai,Sean,36/834 ADARSH NAGAR WORLI MUMBAI,1521030043
1942-02-11,10082,M,Chennai,Craig,DHOLLA PATTI DIRBA DISTT SANGRUR DIRBA,4744797938
1943-03-05,10083,M,Chennai,Jeffrey,"C/O SRI JAY PRAKASH KANDOI, UNITED INDIA INSURANCE CO. LTD HAIBARGAON, NAGAON",5735406527
1945-09-27,10084,F,Chennai,Emily,A 103 PARK VIEW APPARTMENTS SECTOR / 61 NOIDA,4218240347
1947-05-04,10085,F,Chennai,Martha,A/2 GT FLOOR DWARKESH NIKETAN NEAR NUTAN HIGH SCHOOL MARVE RD MALAD W BOMBAY,123063505
1947-08-05,10086,F,Chennai,Pamela,402 PRASHANTI DEVIDAS LANE MANDPESHWAR ROAD BORIVLI W BOMBAY,9113317471
1948-02-21,10087,F,Chennai,Melissa,"SAMTA SADAN 348, SHREEGOPAL NAGAR NEAR MAHESH NAGAR JAIPUR",1847462767
1956-07-23,10088,M,Chennai,Edward,C/O BHOGILAL CHHAGNLAL & SONS HARIDWAR THALTEY AHMEDABAD,1004091175
1971-12-17,10089,M,Chittoor,Jesse,1208 PANCHRATNA OPERA HOUSE MUMBAI,8631298256
1976-06-04,10090,F,Coimbatore,Brenda,M C NINAN PO BOX 5598 GULF EXTRUSION COMPANY DUBAI,9094382656
1976-11-09,10091,M,Coimbatore,Douglas,H NO 1/11/30 BHAGAT SINGH NAGAR POST KAMAREDDY DIST NIZAMABAD,7387581383
1991-07-03,10092,F,Dakshina Kannada,Louise,"BOMBAY CHEMICALS LTD QTS 275, GB ROAD PATLIPADA KOLSHET THANE",9891476917
1991-10-07,10093,F,Dakshina Kannada,Elizabeth,NADUVATHUPARAMBIL NO.1/155 POOMANGALAM ARIPALAM.P.O,7848496733
1991-11-25,10094,M,Dhanbad,Terry,P&T OFFICERS QUARTERS QUARTER NO F/2 ASMAN MAHAL KHAIRTABAD HYDERABAD,5152319634
1993-02-24,10095,M,Dharmapuri,Jason,KADALROS ESTATE PONANI KERALA,3678342634
1993-03-16,10096,F,Dharwad,Michelle,RAYAROTH HOUSE P O MANANTHERI KOOTHUPARAMBA VIA KANNUR,1831455025
1996-08-18,10097,F,Dharwad,Kathy,"4, APPURVA APPARTMENT SHIVRAM NAGAR GIRNA TANK ROAD JALGAON",5219469508
2011-04-23,10098,F,Dharwad,Louise,383 SANIWAR PETH GANESH KRUPA 3RD FLOOR  PUNE,9348216788
2014-12-10,10099,F,Dharwad,Sandra,C/O SAINT LUKE'S HOSPITAL SHRIRAMPUR DIST. AHMEDNAGAR SHRIRAMPUR,3256877304
1903-06-17,10100,M,Dindigul,Clarence,283  FAITHFULGANJ KANPUR,767770491
1905-07-13,10101,M,Durg,Jason,C/O SAINT LUKE'S HOSPITAL SHRIRAMPUR DIST. AHMEDNAGAR SHRIRAMPUR,2165754871
1910-02-04,10102,F,Durg,Stephanie,"WO ASHUTOSH SHARMA CO BANK OF BARODA,ZONAL OFFICE 202,GANGA JAMUNA COMPLEX,M P NAGAR ZONEI BHOPAL",7812681405
1910-11-10,10103,M,East Delhi,Chris,SREEKALYANI WEST NADAKKAVU KOZHIKODE KERALA,5935622465
1914-07-13,10104,F,East Delhi,Jessica,C/O C S PATEL MATA STREET PO KOYALI D BARODA,8764079743
1915-07-07,10105,F,East Delhi,Gloria,401 PANJU MAHAL 112 B J ROAD BAND STAND BANDRA WEST MUMBAI,9571643439
1925-08-11,10106,M,Ernakulam,Roger,B 201 GOPAL CHEMBERS OPP RATAN CINEMA SALABAT PURA SURAT,1672295175
1927-06-28,10107,F,Ernakulam,Anne,P.O. BOX  5419   SHARJAH (UAE).,6168246935
1928-09-19,10108,M,Ernakulam,Jesse,"APT NO 269,FIFTH FLOOR NILULINSKAYA STREET 23/1 MOSCOW",5547287437
1931-12-30,10109,F,Ernakulam,Doris,V DINESH RAHEJA VIJAY ELECTRIC STORES NO 53 CUBBONPET MAIN RD BANGLORE,5347264417
1939-02-09,10110,M,Ernakulam,Richard,"C/3003/4, LLOYDS ESTATE SALT PAN ROAD WADALA EAST MUMBAI",419605898
1944-04-05,10111,M,Ernakulam,Eric,397  KHED ROAD NEAR GOGAJI KA MANDIR  BALOTRA,521747357
1950-03-19,10112,F,Ernakulam,Kelly,SSP OFFICE CITY CENTRE  GWALIOR,6949674159
1952-01-16,10113,F,Ernakulam,Theresa,HOECHST CENTRE WEST ZONE 54 A ANDHERI KURLA ROAD ANDHERI EAST MUMBAI,3602689691
1953-12-16,10114,F,Ernakulam,Jane,"40, OLD KANAKAPURA RD BASVANGUDI BANGALORE",6211272166
1972-04-07,10115,F,Firozpur,Janice,"SWATHI , CHAKARAKKAL P O MOWANCHERI KANNUR DIST KERALA",69748297
1975-01-23,10116,F,Firozpur,Emily,C/O SHRI CHHOTOO  NARAYAN SINGH JAGAT NARAYAN ROAD KADAMKUAN PATNA,7668098248
1981-09-25,10117,M,Gandhinagar,Sean,C/O S M CABLES 502 E/8 GALI NO 6 VISHWAS NAGAR SHAHDARA DELHI,5242113894
1989-02-18,10118,F,Gandhinagar,Irene,10 / B LAXMI RATAN COTTON MILL OFFICERS COLONY KULPI ROAD KANPUR,7742941235
2007-05-28,10119,M,Gautam Buddha Nagar,Robert,PAWAN CLOTH HOUSE PANNALAL ROAD DALIGANJ LUCKNOW,7655468863
2010-06-28,10120,M,Gonda,Willie,SAMBHAVA CHAMBERS 4TH FLOOR SIR P M ROAD MUMBAI,3018387604
2010-07-16,10121,F,Gwalior,Betty,"1/77 A, MAIN ROAD EDANGI MANGALAM VELLANUR POST, LALGUDI TK TRICHY DIST",8654465184
2012-05-06,10122,F,Hooghly,Marie,C/O K C SHAH 6 VARSHA PLOT NO 17 GARODIA NAGAR VALLABH BAUG LANE EXTN. GHATKOPAR (EAST) MUMBAI,3392074733
2012-12-19,10123,F,Hoshangabad,Anne,106 NARAYAN DHURU STREET 3RD FLOOR MUMBAI MUMBAI,6469641557
2016-04-11,10124,M,Hyderabad,Justin,5/5/105/2 RANIGUNJ SECUNDERABAD AP,7822842770
1903-10-17,10125,F,Hyderabad,Debra,C/O SHRI PADAM KUMAR JAIN SPFL SECURITIES LTD SPFL HOUSE 15/63/M CIVIL LINES KANPUR,6481203369
1906-05-19,10126,M,Hyderabad,Victor,A 16 MAHESH COLONY DURG CG,4337195449
1909-12-21,10127,F,Hyderabad,Diana,E2 4TH FLOOR PRAVEEN VADIVELA APTS 31/87 KONNUR HIGH ROAD  AYANAVARAM CHENNAI,506612507
1912-12-24,10128,F,Hyderabad,Patricia,B   I / 454 JANAK   PURI NEW   DELHI NEW DELHI,9507893595
1918-04-14,10129,M,Hyderabad,Clarence,NEW RAMA BANGLE STORE STN ROAD DIST SOLAPUR PANDHARPUR,9503657105
1932-11-18,10130,M,Hyderabad,Jeremy,"CHERICKAL OPP  FEDERAL BANK ATM CONVENT SQUARE, SEA VIEW WARD ALAPPUZHA",4207756001
1936-03-20,10131,F,Hyderabad,Marie,206/KHODIDASI NEW CHAWL ASARWA AHMEDABAD,8220319209
1950-12-12,10132,F,Hyderabad,Heather,"19, MANAGIRI 5 TH STREET K.K. NAGAR MADURAI",9337406306
1951-04-04,10133,M,Hyderabad,Thomas,SARASWATHI PO PARAPPAN POIL THAMARASSERY KOZHIKODE,3248790763
1952-01-14,10134,M,Hyderabad,Jason,"13/A, JAWAHAR SOCIETY,   VALSAD",4515665925
1954-08-25,10135,F,Hyderabad,Ashley,22 SOMESHWARA BUNGLOWS B/F SHYAMAL ROW HOUSE SATELLITE ROAD AHMEDABAD GUJARAT,1643244864
1956-01-29,10136,F,Hyderabad,Virginia,25 TRIBHUVAN PARK SOC NR. NAVNIRMAN HIGH SCHOOL RANIP AHMEDABAD,9029904769
1956-08-17,10137,F,Hyderabad,Michelle,NO 372 NILAY MAIN ROAD R T NAGAR BANGALORE,8921393500
1956-12-29,10138,F,Indore,Marie,"P O BOX 59228, 3D CAVES POINT WEST BAY STREET NASSAU BAHAMAS",382940565
1960-04-12,10139,M,Indore,Carlos,C/O LAKSHMI 3 KRISHNA IYER ST 1ST FLOOR SOWCARPET CHENNAI,5809324644
1961-05-06,10140,M,Indore,Jonathan,108/1 BABU PURWACALONY KEDAW NAGAR (KANPUR) U P,7340225262
1964-02-06,10141,M,Indore,William,9/B SHRIRAM KUNJ SOCIETY HAJI BAPU ROAD MALAD EAST MUMBAI,9727959665
1971-03-19,10142,F,Jaipur,Brenda,"SOJIYAVAS, TO/ SOJA, TA/ KALOL, DIST.MEHSANA",8556540034
1974-03-27,10143,F,Jalgaon,Wanda,NEW CIRCULAR MARKET BARA BAZAR BIKANER RAJASTHAN,385508953
1982-05-24,10144,M,Jalgaon,Bobby,39 SHALIMAR PARK SHAHDRA NEW DELHI,3283633216
1986-11-17,10145,M,Jhabua,Robert,NO 372 NILAY MAIN ROAD R T NAGAR BANGALORE,1749321484
1993-11-26,10146,M,Jhansi,Randy,141 G CAR STREET   TIRUPATI,1788596745
2001-08-12,10147,M,Kaimur,Albert,CHINNA REDIYAR VILLAGE ARUNBAKKAM POST  VIA LATLERI,2493950826
2002-06-23,10148,F,Kannur,Heather,LAXMI MUSIC & ELECTRONICS OPP HEAD POST OFFICE BIKANER RAJ,2948859928
2010-03-10,10149,M,Kannur,Howard,34  MAHTAMA  GANDHI MARG ALLAHABAD,2056121865
1902-11-14,10150,F,Kannur,Wanda,"A197,1 ST FLOOR, DEFANCE COLONY,  NEW DELHI",8629615626
1906-06-19,10151,F,Kannur,Sharon,STATE BANK OF INDIA HOSUR ADB  HOSUR,6554359312
1908-04-26,10152,F,Kannur,Beverly,CHENNA REDDIYUR KANNIGAPURAM POST  VIA LATHERI,1792848368
1909-09-23,10153,F,Kannur,Jean,R S YADAV CHAWAL NEAR HANUMAN TEMPLE LOKMANY NAGAR PADA NO 1 J K GRAM THANE WEST,716384125
1910-02-08,10154,F,Kannur,Irene,"BASTI BALOCHAN WALI KUCHA KHUDA BAKSH, FEROZEPUR CITY(PB)",2913698893
1926-01-21,10155,M,Kannur,Douglas,41/8 SAMBHAV BEHIND AURORA CINEMA MATUNGA MUMBAI,7045836379
1926-07-17,10156,F,Kanpur Nagar,Jennifer,43/1 SARDAR BHAGAT SINGH MARG JHABUA  MADHYA PRADESH,9288430353
1928-12-07,10157,M,Kanpur Nagar,Russell,C/O LAKSHMI 3 KRISHNA IYER ST 1ST FLOOR SOWCARPET CHENNAI,724718012
1933-12-24,10158,M,Kanpur Nagar,Scott,"NO 1/4, MUNJANE ADIPAMPA ROAD V V MOHALLA MYSORE",6559464251
1941-02-03,10159,F,Kanpur Nagar,Kimberly,203 SRIVISHNU APARTMENTS DASPALLA HILLS  VISAKHAPATNAM,3404826054
1947-10-23,10160,M,Kanpur Nagar,Eric,"SREE SADAN 39/282,POOZHIYIL ROAD WESTHILL CALICUT,  KERALA",8154668575
1954-05-04,10161,F,Kanpur Nagar,Nicole,30/2091 EDAVATHAZHATH KOVOOR P O CALICUT KERALA,430296679
1964-06-27,10162,F,Karimnagar,Pamela,"81, KABI SUKANTA SARANI KOLKATA  KOLKATA",4278877161
1966-02-19,10163,F,Karimnagar,Ann,10 BALADJI NAGAR IST STREET ROYAPATAH MADRAS,3122903006
1966-10-20,10164,F,Kheda,Cynthia,5 PRABHULI SOCIETY I HARNI ROAD BARODA,5437325373
1975-01-29,10165,F,Kheda,Anne,PLOT NO K 131 HILL GARDENS KUTTANELLUR THRISSUR,4346780385
1988-06-13,10166,F,Kheda,Julie,"23, ANANDNAGAR ATREY LAYOUT POST/LAXMINAGAR NAGPUR",5166962374
1988-06-19,10167,M,Kheda,Daniel,BARA JONEPUR KANCHRAPARA NORTH 24 PGS NORTH 24 PGS,6336468564
1989-05-06,10168,F,Kolkata,Diane,BHARATNAGAR BLOCK /21/B ROOM 34/5 ADARSH NAGAR,7547209964
1991-09-28,10169,M,Kolkata,Douglas,23/68 FIRST FLOOR LANGFOLD ROAD BANGALORE,1813549609
1997-11-24,10170,M,Kolkata,Lawrence,24 UNION PARK CHEMBUR MUMBAI,8596828484
1999-08-02,10171,M,Kolkata,Billy,"HNO 1.766/9 CHITANYA PURI, DILSHUKNAGAR HYDERABAD.",6560191414
2000-05-10,10172,F,Kollam,Carol,22 SOMESHWARA BUNGLOWS B/F SHYAMAL ROW HOUSE SATELLITE ROAD AHMEDABAD GUJARAT,5947653443
2003-05-09,10173,F,Kollam,Rose,MUKHIVAS AT AND POST ADALAJ DIST GANDHINAGAR GANDHINAGAR,2646364572
2011-11-13,10174,F,Kollam,Carolyn,608 DELPHI 1 PRESTIGE ACROPOLIS NO 20 HOSUR ROAD BANGALORE,1769000105
1900-08-29,10175,F,Kollam,Margaret,VINOD BAKERY SADAR BAZAR RAJKOT,8395804303
1920-04-03,10176,M,Kottayam,Victor,8/3/318/6/3/13/B JAYAPRAKASH NAGAR YELLAREDDIGUDA HYDERABAD,4317022170
1928-11-15,10177,M,Kottayam,Craig,501 RAMJHAROKHA CO/OP HSG SOC PLOT/116 SCTOR/2 CHARKOP KANDIVILI (WEST) MUMBAI,3225100215
1929-03-21,10178,M,Kozhikode,Gregory,RH 2 FLAT NO 7 PEARL POLYMER HSG COL RAIGAD DISTRICT MIDC MAHAD RAIGAD,8783671087
1929-08-16,10179,M,Kozhikode,John,IV 416 VADAKKOOT HOUSE MOORKANIKARA KOZHUKULLY P O TRICHUR,224524309
1933-03-26,10180,M,Kozhikode,Roy,242 PALACE STREET   SATARA CITY,8310021937
1937-09-01,10181,M,Kozhikode,Wayne,"336/1, KASAR ALI BHAVI COMPOUND NEAR NAJRANA, BHIWANDI, DIST. THANE",5840413707
1938-12-22,10182,F,Kozhikode,Virginia,CASABLANCA INC 133 KEWAL IND ESTATE TULSI PIPE ROAD LOWER PAREL BOMBAY,8052832766
1942-05-11,10183,M,Kozhikode,Alan,36A BENTINCK STREET 1ST FLOOR CALCUTTA W B,8699150216
1949-01-13,10184,F,Kozhikode,Jessica,A/5/A/22/C JANTA FLATS JANAK PURI NEW DELHI,1958176964
1949-11-29,10185,F,Kozhikode,Marie,11 ELLORA TAILORES PIPARIYA,1275859698
1951-11-29,10186,M,Kozhikode,Carlos,26 SANKEY ROAD SESHADRIPURAM POST BANGALORE,3901405514
1959-02-22,10187,F,Kozhikode,Ruth,PLAST O ENTERPRISES N 41 PANTHAR PALLYA MYSORE ROAD BANGALORE,1817515087
1961-03-01,10188,M,Kozhikode,Jonathan,K C 9 C ASHOK VIHAR DELHI,7859392474
1969-06-07,10189,F,Kozhikode,Karen,40/447/11B GIPSON COLONY KURNOOL A P,6879750765
1974-05-14,10190,F,Kurnool,Dorothy,C/O GURMEJ SINGH SANDHU FARM  VPO BONKAR DOGREN LADOWAL   LUDHIANA PUNJAB,5963562922
1980-05-23,10191,M,Kushinagar,Brian,A 16 JOYTI NAGAR NO 1 PO/MAKTAMPUR ZADESHWAR ROAD BHARUCH,108777973
1992-02-23,10192,M,Lalitpur,Wayne,B/4 SNEH KUNJ LINKING ROAD EXTENSION SANTACRUZ WEST BOMBAY,7690266394
1992-10-18,10193,F,Lalitpur,Jacqueline,CHARUVILA PUTHEN VEEDU PUTHUZHERIKONAM EZHUKONE POST QUILON      KERALA,8108606470
1994-09-20,10194,M,Lalitpur,Roy,"EARAVELIL HOUSE VAZHAVATTA P O,MUTTIL VIA WAYANAD DIST KERALA",2430874710
1997-09-04,10195,F,Lucknow,Lori,FLAT 604 HIG/5 (6TH FLOOR) GULMOHAR CHS PRATIKSHA NAGAR SION EAST MUMBAI,2767040308
2008-02-18,10196,M,Lucknow,Bobby,KALIBAZAR (HOUSE NO 280) PO AND DIST BURDWAN  BURDWAN,8793371051
2014-08-18,10197,F,Lucknow,Frances,129/47 NEW AGGRAWAL NAGAR INDORE,6652358830
2014-11-29,10198,M,Lucknow,Alan,P BOX NO 21 SUDHINDRA INVESTMENT MAIN ROAD KARKALA,5209006888
2015-05-02,10199,F,Lucknow,Anna,MUTHIRAKALAYIL HOSE THALAYAD POST UNNIKULAM KERALA,7541262159
1901-05-16,10200,M,Ludhiana,Joseph,2ND FLOOR BHERWAL BHAWAN NEAR NEHRU PUTLA ANAJ BAZAR ITWARI NAGPUR,5560821227
1906-12-05,10201,F,Ludhiana,Lois,FLAT NO 302 GREEN IS THE COLOUR BLOCK/2 3RD MAIN NS PALYA BTM 2ND STAGE BANGALORE,782101341
1910-07-07,10202,F,Ludhiana,Ruth,B 2 / M 33 SBI COLONY SITAPUR ROAD YOJNA  LUCKNOW,248273961
1913-10-19,10203,M,Madurai,Patrick,SAMBHAVA CHAMBERS 4TH FLOOR SIR P M ROAD MUMBAI,6083061805
1920-03-31,10204,M,Madurai,Eric,VELUTHEDATH  KIZHAKKE THARAYIL MULLAKKERI PANMANA VILLAGE  P O KOLLAM,2886888741
1925-04-19,10205,F,Madurai,Sara,"INFOSYS TECHNOLOGIES SURVEY NO.10 MANIKONDA VILLAGE GACHIBOWLI, HYDERABAD",6744558114
1925-11-25,10206,M,Madurai,Keith,"B/22, MOOLAMANNIL KOWDIAR PO KURAVANKONAM TRIVANDRUM",4248381627
1929-06-13,10207,M,Mahesana,Samuel,KRISHNANAGAR VILL JANGIPARA HOOGHLY W B,6262652566
1941-11-05,10208,M,Mahesana,Eugene,PLOT NO 48 IDEAL COLONY SAI NIKETAN FLAT NO 2 KOTHRUD PUNE,5905512290
1949-11-29,10209,M,Malappuram,Jerry,A/3/11 MANAV LAKYAN BANGUR NAGAR GOREGAON W BOMBAY,7219586803
1955-07-02,10210,M,Malappuram,Christopher,"R Gundecha & Co. No. 72, II Floor, Subhas Complex Avenue Road Bangalore Karnataka",3324233348
1959-12-05,10211,M,Malappuram,Michael,13/208/1 NALA BUDHAN SYED NEAR RAGHUNATH CINEMA  AGRA,8606169938
1963-02-01,10212,F,Malappuram,Joyce,19/40 2ND CROSS MADIVALA MARUTHI NAGAR BANGALORE,2025735260
1968-04-04,10213,F,Mandsaur,Doris,D2/257 DANISH NAGAR HOSHANGABAD ROAD MISROD BHOPAL,8320397199
1969-02-15,10214,M,Mandsaur,Bruce,B/13 MAHAVIR JYOTI II FLOOR VALLAUB BAUG LANE GHATKOPAR EAST MUMBAI,8381540427
1970-01-25,10215,M,Mumbai City,Kenneth,FF 9 SRIJI PARK SOCIETY HARNI WARSHIA ROAD BARODA GUJ,8147726659
1973-11-10,10216,M,Mumbai City,Todd,JAL KIRAN FLAT NO 8 35 CUFFE PARED MUMBAI,5389672710
1980-06-26,10217,M,Mumbai City,Fred,41/8 SAMBHAV BEHIND AURORA CINEMA MATUNGA MUMBAI,6468323056
1980-10-05,10218,M,Mumbai City,Willie,"No.23/8/5, MUNICIPAL OFFICE ROAD,  BHIMAVARAM",5630597881
1996-01-21,10219,M,Mumbai City,Ralph,"MOHAN NIWAS, 1ST FLOOR PUNJABI COLONY  HOSPITAL AREA ULHASNAGAR THREE",7467861079
1996-06-23,10220,M,Mumbai City,Douglas,2ND FLOOR BHERWAL BHAWAN NEAR NEHRU PUTLA ANAJ BAZAR ITWARI NAGPUR,512061091
1997-10-31,10221,M,Mumbai City,Sean,BINOBI AMBALAPURAM CHERUKUNNU  P.O KANNUR,4597526768
2004-06-28,10222,F,Mumbai City,Linda,D A MAC P.O/ BOX 2195 DUBAI UAE,8273865966
2011-07-16,10223,M,Mumbai City,Nicholas,K/33 HANS KHAS ENCLAVE NEW DELHI,2814842708
2013-03-20,10224,F,Mumbai City,Teresa,NEW   COLONY   MANDSAUR          MP,1449148315
1900-05-21,10225,M,Mumbai City,Wayne,PAINATT HOUSE P.O.EDATHIRUTHY THRISSUR,3140601559
1904-10-29,10226,F,Mumbai City,Deborah,B/9 GNYAN DEEP 17TH ROAD SANTACRUZ WEST MUMBAI,5875805493
1913-04-24,10227,M,Mumbai City,Stephen,TAJ MAHAL HOTEL SALES & MARKETING COLABA MUMBAI,8495409307
1914-01-03,10228,M,Mumbai City,Wayne,EPF QUARTERS  IV / 6 SASTRI NAGAR COLONY ERANCHIPALAM  P O CALICUT,2232602144
1916-12-12,10229,F,Mumbai City,Lillian,2ND FLOOR BHERWAL BHAWAN NEAR NEHRU PUTLA ANAJ BAZAR ITWARI NAGPUR,7964859553
1925-02-22,10230,F,Mumbai City,Catherine,NO.4 D.R.MARKET D.K.LANE CHICKPER BANGALORE,1837197026
1937-01-09,10231,F,Mumbai City,Marie,30 NEMANI CHAWL S V ROAD MALAD WEST BOMBAY,4270030192
1937-07-12,10232,F,Mumbai City,Lois,UNIVERSITY MEDICAL CENTRE BILLING SECTION CHANDRA BUILDING DR AMBEDKAR CIRCLE MANGALORE (KAR),2551216386
1938-12-04,10233,F,Mumbai City,Patricia,NETTEMADAM WARRIAM ROAD ERNAKULAM COCHIN,2944188887
1939-10-20,10234,M,Mumbai City,Mark,THE CAREER COLLEGE SABARI COMPLEX 24 RESIDENCY ROAD BANGALORE,2801815585
1946-12-23,10235,M,Mumbai City,Henry,"9 949,THEERTHAM KARADI CHERUVALATH THAMARASSERY,CALICUT",4254443276
1953-08-14,10236,M,Mumbai City,Eugene,KOLLAPARAMBATH KALAMURI KAIPAMANGALAM THRISSUR KERALA,6659981030
1956-12-17,10237,M,Mumbai City,John,H NO 5/104 I3 S P NAGAR MOOSAPET HYDERABAD AP,8362846506
1966-07-13,10238,F,Mumbai City,Amanda,D/5 ASSOCIATE SOCIETY NEAR TUBE COMPANY BARODA BARODA,2008929337
1968-02-16,10239,F,Mumbai City,Stephanie,"FLAT NO.505/506, 5TH FLOOR URMILA TOWER BANK MORE DHANBAD",279063654
1975-04-27,10240,M,Mumbai City,Randy,DHOLLA PATTI DIRBA DISTT SANGRUR DIRBA,608767105
1977-03-30,10241,F,Mumbai City,Pamela,CHAKUBHAI NO KHANCHO GOL BAZAR  MAHUVA,8715135459
1977-07-08,10242,M,Mumbai City,Randy,"C/O ANUPAM INVESTMENT 601,NATPURBANK BUILDING SANTRAM ROAD NADIAD.",8390434660
1985-03-14,10243,M,Mumbai Suburban,Terry,"1, OLD COURT HOUSE, 2ND  FLOOR, CALCUTTA",7226972646
1985-11-08,10244,F,Mumbai Suburban,Sarah,31 B SHANTI NIKETAN BASHIRBAG PALACE LANE 5 HYDERABAD,6152084948
1996-11-05,10245,M,Mumbai Suburban,Chris,C/46 MADHU VIHAR STRN 015 PATPARGANJ  DELHI,4343647980
2004-05-08,10246,F,Mumbai Suburban,Karen,4 KANAKASRI NAGAR COLONY CATHEDRAL ROAD MADRAS,7314011680
2011-07-31,10247,M,Mumbai Suburban,Willie,301 SHALAKA ASHA NAGAR KANDIVALI (EAST) MUMBAI,9919644920
2015-03-26,10248,M,Mumbai Suburban,Eugene,897 KADIAWAD SARASPUR AHMEDABAD,996371087
2016-01-11,10249,M,Mumbai Suburban,Richard,332 GANDHI ROAD  KANCHEEPURAM,164285220
1913-12-23,10250,M,Mumbai Suburban,Bruce,HNO 13/276 CHANDINI KUZHIMANNA PO MALAPPURAM,5722642547
1918-03-25,10251,M,Mumbai Suburban,Brian,JIVANPARA NR S P O AT BABRA GUJARAT,6899097643
1918-09-22,10252,F,Mumbai Suburban,Lillian,9  E  PALM  LANDS  20  PALI  ROAD BANDRA (W)  MUMBAI,7533870683
1920-06-17,10253,F,Mumbai Suburban,Martha,4/6 MANORAMA GANJ INDORE M P,2733392642
1922-10-14,10254,F,Mumbai Suburban,Pamela,539 BHARATPURI AWAS VIKAS COLONY GONDA U P,8357197749
1931-06-25,10255,F,Mumbai Suburban,Nicole,12 IST FLOOR NORTH ROAD WEST C I T NAGAR MADRAS,9984127089
1943-02-04,10256,F,Mumbai Suburban,Rachel,8 CHOTHMAL COLONY BEHIND N T C SHOWROOM INDORE,9366080438
1944-06-27,10257,F,Mumbai Suburban,Joan,PUTHUKUDI ARATTANKANDY HOUSE KOTTAYAMPOIL(PO) KUNNINUMEETHAL VETTUMMAL TELLICHERRY,6334013465
1946-01-25,10258,M,Mumbai Suburban,Sean,"CHOLLAMPATT HOUSE CHIRAYAM PANAYIKULAM P O,ALANGAD ALUVA(VIA), ERNAKULAM",9745716682
1946-04-20,10259,F,Mumbai Suburban,Cynthia,CHOKSHI POLE UMRETH DIST KHEDA GUJARAT UMRETH,8294266508
1947-03-30,10260,M,Mumbai Suburban,Nicholas,KOSHA INVESTMENTS LTD C/O M J PATEL CAMA BLDG 3RD FLR 24/26 DALAL STREET MUMBAI,4519739853
1954-02-16,10261,F,Mumbai Suburban,Theresa,1/10 MAYUR NIVAS LAXMI ESTATE STATION ROAD VIKHROLI EAST MUMBAI,7526218666
1957-05-07,10262,F,Mumbai Suburban,Kathleen,H NO 7 6 36 A GANDHI CHOWK SIRCILLA   KARIMNAGAR ANDHRA PRADESH,7318799396
1966-02-07,10263,M,Mumbai Suburban,Roger,"BASTI BALOCHAN WALI KUCHA KHUDA BAKSH, FEROZEPUR CITY(PB)",8191082977
1966-09-03,10264,M,Mumbai Suburban,Earl,A/104 SHALIGRAM CO/OP HSG. SOCIETY B/H HOTEL ROYAL INN. UTHALSAR NEAR VIKAS COMPLEX THANE (WEST),5233415136
1973-02-21,10265,F,Mumbai Suburban,Brenda,KALLAIVALAPPIL HOUSE VILLANNOOR KARIKKAD PO THRISSUR,7348807294
1978-12-11,10266,M,Mumbai Suburban,Louis,"TECHNICAL DEPT. QATAR STEEL COMPANY LTD., P O BOX NO.50090 MESSAIEED QATAR ARABIAN GULF",9641750407
1979-07-16,10267,F,Mumbai Suburban,Janet,B/9 GNYAN DEEP 17TH ROAD SANTACRUZ WEST MUMBAI,6555276178
1980-02-18,10268,F,Mumbai Suburban,Denise,1 KADBROS ESTATE BY PASS ROAD PONANI POST MALAPPURAM DIST,4687481919
1986-03-19,10269,F,Mumbai Suburban,Jennifer,"GATE 4, PLOT 244, KUTTANALLUR HILL GARDENS THRISSUR",1139534660
1990-03-04,10270,F,Mumbai Suburban,Doris,B 406 BRIHANS BLDG NR MACROMALL BLD CHARWADA RD VAPI,5628705592
1992-02-26,10271,M,Mumbai Suburban,Sean,NO 33 BERI BAKKALI STREET  VELLORE,2589853446
1993-03-17,10272,M,Mumbai Suburban,Michael,66 ANNA MAIN VEETHI BETHANIAPURAM  MADURAI,4110898249
2003-10-30,10273,F,Mumbai Suburban,Emily,SREESYLAM NEAR BY PASS ROAD KULATHOOR TRIVANDRUM,5792410964
2013-04-02,10274,F,Mumbai Suburban,Alice,10/3/293/A/3 IST FLOOR MARKAZ CASTLE VIJAYA NAGAR COLONY HYDERABAD,8051165530
1908-06-25,10275,M,Mumbai Suburban,Keith,"PADOOR HOUSE CHUNGAM,KANJANY ROAD AYYANTHOLE THRISSUR",5507855576
1910-10-02,10276,M,Mumbai Suburban,Michael,C/O DELHIS IVORY PALACE 1080 NORTHERN GATE JAMA MASJID DELHI,4913738973
1912-07-03,10277,M,Mumbai Suburban,Steven,4 80 B INDANE NAGAR REDDIPATTI   SALEM TAMILNADU,2446749770
1915-09-07,10278,F,Mumbai Suburban,Rachel,F HALLMARK APT # 1 WHEELER ROAD FRASER TOWN BANGALORE,7879904682
1919-08-13,10279,M,Munger,Dennis,C/309 NEELKAMAL APAT SHRADHANAND RD VILE PARLE/EAST BOMBAY,5198290401
1921-07-12,10280,F,Mysore,Ann,36/834 ADARSH NAGAR WORLI MUMBAI,1421620737
1925-01-24,10281,M,NA,Jeffrey,H No 218 Goalcha Ka Mohalla  Bikaner,8853522908
1926-01-14,10282,M,NA,Brandon,M/S SRINATH AGENCIES 9/557 IST FLOOR COURT ROAD KOZHIKODE,9578273142
1931-06-30,10283,F,NA,Denise,VADAKKOOT HOUSE MOORKANIKKARA POST KOZHUKKULLY THRISSUR KERALA,1663834593
1948-02-24,10284,M,NA,Lawrence,BLCOK NO 1 HOUSE 110 OLD RAJINDER NAGAR NEW DELHI,2550573923
1951-09-13,10285,M,NA,Victor,"39/CHHATRASAL PURA, LALITPUR. U.P.",129574223
1952-01-22,10286,M,NA,Earl,"WO ASHUTOSH SHARMA CO BANK OF BARODA,ZONAL OFFICE 202,GANGA JAMUNA COMPLEX,M P NAGAR ZONEI BHOPAL",7199648785
1959-12-08,10287,F,NA,Debra,"NO.27, 'VASUNDHARI' PAMPA EXTENSION, HEBBAL KEMPAPURA BANGALORE",1605774600
1960-08-17,10288,F,NA,Lillian,E /1 SAPTAGIRI SOCIETY NR TAJ RESIDENCY HOTEL AKOTA MAIN ROAD VADODARA,9699168180
1963-01-28,10289,F,NA,Jacqueline,103 SARGAMPARTMENT NR KAILASNAGAR SAGRAMPURA SURAT GUJ,4549200753
1963-07-11,10290,F,NA,Annie,TAJ MAHAL HOTEL SALES & MARKETING COLABA MUMBAI,3324679463
1977-06-01,10291,M,Nagaon,Walter,P/5 BELIGHATA ROAD CALCUTTA,3948979166
1982-07-04,10292,F,Nagpur,Janice,"77 / A ,  TILAK  NAGAR  EXTN.   INDORE          MP",333237928
1992-03-05,10293,M,Nagpur,David,KOSHA INVESTMENTS LTD C/O M J PATEL CAMA BLDG 3RD FLR 24/26 DALAL STREET MUMBAI,6550314624
1994-07-04,10294,M,Nagpur,Matthew,"AM (C), TLDP/IV, NHPC LTD VIDYUT NAGAR, SATELLITE TOWNSHIP JALPAIGURI SILIGURI (W.B)",5844122884
1999-12-07,10295,M,Nagpur,Sean,101 SNEHAL 41 ZIG ZAG ROAD PALI HILLS BANDRA WEST BOMBAY,9795220326
2000-08-04,10296,F,Nagpur,Kelly,MS MOHANLAL SOBAGCHAND SADAR BAZAR DEESA B K,2648542829
2005-06-12,10297,F,Nagpur,Patricia,228/77 RAJA BAJAR  LUCKNOW,5651842429
2005-12-15,10298,F,Nagpur,Diana,7/POURNAMI PO KARUVISSERY VENGERY KOZHIKODE,710497779
2006-09-28,10299,M,Nalgonda,Ryan,14/A/7 NEW SION CO OP HSG SOCIETY OPP S I E S COLLEGE SION MUMBAI,4770048379
1903-05-31,10300,M,Navsari,Todd,14/A/7 NEW SION CO OP HSG SOCIETY OPP S I E S COLLEGE SION MUMBAI,1889554488
1911-01-26,10301,M,Nizamabad,Charles,MARY GOLD FLAT NO 604 VASANT VALLEY FILM CITY ROAD MALAD EAST MUMBAI,8378023324
1911-08-18,10302,F,North 24 Parganas,Marie,"DALAL TOWER,2nd FLOOR, PRATAP TALKIES CHORAHA, . BHILWARA",1159313380
1912-08-23,10303,M,North Delhi,Adam,13/A MUNISUVRAT DARSHAN SOC 4TH FLR NAVROJI LANE GHATKOPAR WEST MUMBAI,3082560645
1919-05-07,10304,M,North Delhi,Joshua,KESIYA BAHVAN PUTHUSHERIKONAM EZHUKONE KOLLAM,4367851764
1932-07-14,10305,M,North Goa,Samuel,9 VASANT BREEZY CHAMBERS 467 DR B AMBEDKAR ROAD KING'S CIRCLE MUMBAI,8600768734
1934-06-29,10306,F,Patna,Ruth,TC 3/93 CHALAKUZHY HOUSE ANAND NAGAR KESAVADASAPURAM PATTOM P O TRIVANDRUM,7481286832
1937-05-12,10307,F,Pune,Michelle,H NO 25 4 1551 VISHUNPURI KAZIPET DIST WARANGAL A P,4483986048
1937-10-31,10308,F,Pune,Kimberly,C/O MAHESH EYE HOSPITAL 23 VIKRAM COMMERCIAL CENTRE KIRTI STAMBHA ROAD NORTH GUJARAT PALANPUR,1471735109
1942-12-21,10309,M,Pune,Michael,20/144 PATKA PUR KANPUR,9672530626
1943-02-22,10310,M,Pune,Edward,15 GANGA JAMNA SOCIETY DANI LIMDA AHMEDABAD,5226277140
1946-05-01,10311,M,Pune,Stephen,2ND FLOOR BHERWAL BHAWAN NEAR NEHRU PUTLA ANAJ BAZAR ITWARI NAGPUR,6903995540
1947-04-20,10312,M,Raigad,Gregory,"NO.27, 'VASUNDHARI' PAMPA EXTENSION, HEBBAL KEMPAPURA BANGALORE",5048633648
1950-06-05,10313,M,Raigad,Clarence,ASIAN TEMPO HOUSE L B S MARG NARAYAN NAGAR GHATKOPAR WEST MUMBAI,7966424104
1955-02-13,10314,F,Raipur,Joyce,24 UNION PARK CHEMBUR MUMBAI,1613935119
1955-06-08,10315,M,Rajkot,Eric,NO 14 CHANDRAPPA MUDALI IIND FLOOR SOWCARPET MADRAS,2853307584
1963-03-04,10316,F,Rajkot,Teresa,16/7/127 GRAIN MARKET AREA WARANGAL,1242330016
1970-05-22,10317,M,Ranchi,Jeffrey,"359/109, PARVATI BLDG, VTH FLOOR CHIRA BAZAR BOMBAY",3875002150
1985-07-24,10318,M,Saharanpur,Jerry,9 VASANT BREEZY CHAMBERS 467 DR B AMBEDKAR ROAD KING'S CIRCLE MUMBAI,153673742
1989-12-26,10319,F,Salem,Theresa,SHETH SHERI BAJWADA TRUPTI NAZWAZAS LANE VADODARA,3588454020
1991-03-12,10320,F,Sangrur,Joan,BEHIND PARSI ANJUMAN OFFICE ADHYARU GULLY BILIMORA,5761032764
2008-12-09,10321,M,Sangrur,Phillip,"CHAMAKALAYIL HOUSE KADAPATTOOR.P.O PALAI, KOTTAYAM KOTTAYAM DISTRICT",2217062171
2009-08-31,10322,F,Satara,Janet,JIVANPARA NR S P O AT BABRA GUJARAT,9930846810
2010-03-15,10323,F,Sitapur,Laura,"A/1, RAJGHAT KAINAL COLONY MATATILA, LALITPUR  LALITPUR",753711763
2012-06-30,10324,F,Solapur,Patricia,29 GAON NARAYANPUR SIHAT VILL NARAYANPUR SIHATI ANCHAL KAKO JAHANABAD BIHAR,187089302
1904-01-26,10325,F,South Delhi,Catherine,401 PANJU MAHAL 112 B J ROAD BAND STAND BANDRA WEST MUMBAI,3862366620
1905-03-24,10326,M,South Delhi,Craig,FLAT NO. 106 KRISHNA RESIDENCY NEAR ST ANNS HIGH SCHOOL MADINA GUDA MIYAPUR HYDERABAD,930922764
1906-09-15,10327,F,South Delhi,Debra,"R Gundecha & Co. No. 72, II Floor, Subhas Complex Avenue Road Bangalore Karnataka",3071989925
1916-12-22,10328,F,South Goa,Laura,S B PATEL & CO KASHIDHAM MAYFAIR RD ANAND,7908614481
1922-03-04,10329,F,Surat,Jean,JAL KIRAN FLAT NO 8 35 CUFFE PARED MUMBAI,825559131
1922-09-07,10330,M,Surat,John,1/22 ADITI APPARTMENT NR GUJARAT COLLEGE ELLISBRIDGE AHMEDABAD,6056727129
1923-08-28,10331,M,Surat,Ronald,"C 15, MGO COLONY II GANESH NAGAR IST LANE, P C ROAD TUTICORIN",3854586763
1923-10-05,10332,F,Surat,Lillian,CASABLANCA INC 133 KEWAL IND ESTATE TULSI PIPE ROAD LOWER PAREL BOMBAY,4746330854
1927-05-11,10333,F,Surat,Sandra,"SUSHEELA NIVAS KURUNKKACHANTHA THURAVOOR PO CHERTHALA, KERALA",8181585231
1936-07-13,10334,M,Surat,Anthony,L I G 659 P H B COLONY JAMALPUR AWANA LUDHIANA,6796916142
1938-06-05,10335,M,Surendranagar,Russell,6 PUSHP SHELTER 10TH ROAD KHAR WEST BOMBAY,6982515664
1942-06-11,10336,M,Thane,Robert,HNO 13/276 CHANDINI KUZHIMANNA PO MALAPPURAM,3421739446
1952-02-13,10337,F,Thane,Laura,LION STREET KANPALYAM 4TH STREET MADURAI,7428832044
1967-10-06,10338,M,Thane,Russell,"T.C.50/1001(1) TRWA 304,TALIYIL, KARAMANA.P.O, THIRUVANANTHAPURAM,KERALA",9563192893
1972-12-20,10339,M,Thane,Roger,897 KADIAWAD SARASPUR AHMEDABAD,5851653708
1979-01-22,10340,M,Thane,Anthony,AT GAVADA POST GAVADA TA VIJAPUR VIJAPUR,3024106829
1985-04-09,10341,M,Thane,Matthew,"39/1 , CHHATRASAL PURA   LALITPUR (U.P.)",824468137
1990-06-16,10342,F,Thiruvallur,Kimberly,KACKALAM PUTHENPURA MONCOMPU P O ALAPPUZHA,8235702733
1996-10-21,10343,F,Thiruvananthapuram,Kelly,BAWAMANPURA NEAR MASJID PANIGATE BARODA,4556889677
1996-12-31,10344,F,Thiruvananthapuram,Gloria,9/B SHRIRAM KUNJ SOCIETY HAJI BAPU ROAD MALAD EAST MUMBAI,1709119237
1998-07-11,10345,F,Thiruvananthapuram,Angela,3/3 KOUSALI BLOCKS DESHPANDE NAGAR HUBLI HUBLI,7311976308
2006-05-11,10346,F,Thiruvananthapuram,Barbara,SECOND FLOOR 2B SUDHAKUNJ SOCIETY NEAR PROFESSIOR'S COLONY NAVRANGPURA AHMEDABAD,2404403036
2007-06-08,10347,M,Thrissur,Russell,KUNDUVARAVALAPPIL HOUSE P.O.VADOOKARA KOORKENCHERY PANCHAYATH THRISSUR,3891372036
2014-04-03,10348,F,Thrissur,Emily,SANAM CHETTEM KUNNU TELLICHERRY,7616694054
2015-08-19,10349,F,Thrissur,Elizabeth,OPP KABIR STREET NEAR AMBUJA CEMENT STORE DHRANGADHRA GUJARAT,8798394607
1909-05-21,10350,M,Thrissur,Steven,B / 19 AWAS VIKAS  SITAPUR,2668899524
1910-08-18,10351,M,Thrissur,Russell,VANIYAPURACKAL PUNNATHALA KOLLAM KERALA,2811385130
1917-03-20,10352,F,Thrissur,Mildred,"DOOR NO.49/52/5/4, SHANTHIPURAM VISAKHAPATNAM,",8263430945
1921-02-16,10353,F,Thrissur,Sarah,46  8TH  CROSS 11TH  MAIN  MALLESWARA BANGALORE,9747599657
1923-03-04,10354,F,Thrissur,Paula,CHINNA REDIYAR VILLAGE ARUNBAKKAM POST  VIA LATLERI,3724268309
1925-11-08,10355,F,Thrissur,Stephanie,"49/52/5/4, SHANTHIPURAM  VISAKHAPATNAM",2865840634
1947-05-06,10356,M,Thrissur,Brian,36 CHANDNI CHOWK OPPOSITE STATE BANK OF INDIA DELHI,9216198887
1950-01-27,10357,M,Thrissur,Todd,9 RAMJYOT SOCIETY NEAR BHAVIN SCHOOL MIRAMBICA MARG NARANPURA AHMEDABAD,2145126680
1950-06-19,10358,M,Thrissur,Todd,F HALLMARK APT # 1 WHEELER ROAD FRASER TOWN BANGALORE,3832332224
1952-02-22,10359,M,Thrissur,Randy,"5/A , KUPPU STREET PONNAMMAPET SALEM",2455366563
1957-09-02,10360,M,Tiruchirapalli,Martin,22 MATHUSA MAISTRY STREET 2ND FLOOR SEVENWELLS MADRAS,7882736776
1959-02-09,10361,M,Tirunelveli,Michael,NIHARAM KANATHUMCHIRA POST KOTTAYAM MALABAR KANNUR,1793589328
1965-11-28,10362,M,Tirunelveli,Martin,306 MOIN APARTMENTS NAVRANGPURA AHMEDABAD,5159050986
1975-05-13,10363,F,Vadodara,Doris,14 15D IL PALAZZO LITTLE GIBBS ROAD MALABAR HILL MUMBAI,1901245701
1977-03-22,10364,M,Vadodara,Wayne,NO 11/124 SAGAR ROAD BESIDE ANDHRA BANK MIRYALGUDA NALGONDA DIST A P,2643245730
1977-08-08,10365,M,Vadodara,Howard,THE CAREER COLLEGE SABARI COMPLEX 24 RESIDENCY ROAD BANGALORE,6704530419
1978-04-08,10366,M,Vadodara,Kevin,C/O DR B S SHAH 8 JAIPARK SOCIETY HIGHWAY ROAD OPP JAIN TEMPLE POST DEESA GUJARAT,3883350579
1978-06-08,10367,M,Vadodara,Albert,C/O MAAN AUTO SALES 11 ROYAL TOWNSHIP PUNE KUMBHARIA ROAD SAROLI SURAT,9976924340
1979-07-19,10368,M,Vadodara,Jose,SATI/APTS FLAT NO 607/608 NR GURUDEV STY ULHASNAGAR,3193636104
1980-06-17,10369,M,Vadodara,Charles,MARY GOLD FLAT NO 604 VASANT VALLEY FILM CITY ROAD MALAD EAST MUMBAI,7143730646
1983-07-22,10370,M,Vadodara,Jeremy,OPP COMMERCE COLLAGE PLOT NO 25 SWET KAMAL SOCIETY VIDYANAGAR BHAVNAGAR GUJARAT,121177335
1988-02-01,10371,M,Valsad,Phillip,66 9 PADMALAYA 4TH FLOOR ROAD NO 4 SION E  MUMBAI MAHARASHTRA,4813971099
2001-10-17,10372,M,Valsad,Phillip,111/113 MARUTI APTS NEAR YASHODA HOSPITAL R B ROAD SOMAJIGUDA HYDERABAD,3432648037
2009-08-03,10373,M,Valsad,Michael,402 PRASHANTI DEVIDAS LANE MANDPESHWAR ROAD BORIVLI W BOMBAY,8605181929
2015-01-21,10374,M,Valsad,Jason,1ST FLOOR MANGLAM CHEMBERS NEAR ST STAND PALANPUR NORTH GUJ,4828085554
1910-03-29,10375,F,Vellore,Annie,HNO 2/2/3 BOIWADA . KARIMNAGAR,4450680602
1913-10-20,10376,M,Vellore,Robert,VADAKUMCHERIL HOUSE MANJAPRA P O KALADY,5318823542
1914-07-29,10377,F,Vellore,Pamela,K/33 HANS KHAS ENCLAVE NEW DELHI,3117134326
1915-07-09,10378,F,Vellore,Dorothy,NO 14 SUMUKHA 7TH A CROSS MUTHYALANAGARA BHANDAPPA GARDEN BANGALORE,7888062879
1921-07-19,10379,F,Vellore,Martha,C / 201 SHRADDHA CO/OP HOUSING SOCIETY NEAR GUNJAN CINEMA GIDC VAPI,7650992486
1929-02-27,10380,M,Vellore,Willie,"CHOLLAMPATT HOUSE CHIRAYAM PANAYIKULAM P O,ALANGAD ALUVA(VIA), ERNAKULAM",7070090145
1930-04-21,10381,F,Viluppuram,Annie,"803, SATYEM APARTMENT, TADWADI, RANDER ROAD,  SURAT",3851042968
1937-02-13,10382,F,Vishakhapatnam,Lillian,111/113 MARUTI APTS NEAR YASHODA HOSPITAL R B ROAD SOMAJIGUDA HYDERABAD,3965135415
1940-09-05,10383,M,Vishakhapatnam,Shawn,P O BOX  37047 DOHA QATAR,4322632409
1944-07-15,10384,M,Vishakhapatnam,Jeremy,PALAPPARAMBIL VATTEKUNNAM EDAPALLY KERALA,9953574745
1955-04-19,10385,M,Vishakhapatnam,Todd,MUKHIVAS AT AND POST ADALAJ DIST GANDHINAGAR GANDHINAGAR,8755968347
1963-07-09,10386,M,Warangal,Fred,INSTRUMENT SECTION PB NO 665 GASCO RUWAIS ABU DHABI U A E,8982347783
1968-02-09,10387,M,Warangal,Howard,"SREE SADAN 39/282,POOZHIYIL ROAD WESTHILL CALICUT,  KERALA",6369502674
1974-01-31,10388,M,West Delhi,Kevin,HARIPRIYA KALIKKOTTA PALACE ROAD TRIPUNITHURA ERNAKULAM,3991074557
1975-12-28,10389,M,West Delhi,Eugene,CHIRACKAL RAMPRIYA KURICHY P O KOTTAYAM KERALA,630893947
1978-12-15,10390,F,West Godavari,Jean,A/201 EKSAR GURUKRUPA SOCIETY EKSAR ROAD BORIVALI WEST MUMBAI,4017947056
1979-01-18,10391,F,West Godavari,Margaret,30/2091 EDAVATHAZHATH KOVOOR P O CALICUT KERALA,9902031031
