City,State
Bangalore Urban,Karnataka
Bhavnagar,Gujarat
Bhavnagar,Gujarat
Kollam,Kerala
Bangalore Urban,Karnataka
Bangalore Urban,Karnataka
Bangalore Urban,Karnataka
Surat,Gujarat
Surendranagar,Gujarat
Rajkot,Gujarat
Ahmedabad,Gujarat
Ahmedabad,Gujarat
Vadodara,Gujarat
Ahmedabad,Gujarat
Ahmedabad,Gujarat
Banas Kantha,Gujarat
Ahmedabad,Gujarat
Ahmedabad,Gujarat
Kheda,Gujarat
Navsari,Gujarat
Banas Kantha,Gujarat
Patna,Bihar
Ahmedabad,Gujarat
Banas Kantha,Gujarat
Banas Kantha,Gujarat
Kurnool,Andhra Pradesh
Hyderabad,Andhra Pradesh
Hyderabad,Andhra Pradesh
Hyderabad,Andhra Pradesh
Hyderabad,Andhra Pradesh
Hyderabad,Andhra Pradesh
Hyderabad,Andhra Pradesh
Hyderabad,Andhra Pradesh
Lucknow,Uttar Pradesh
Lucknow,Uttar Pradesh
Gonda,Uttar Pradesh
Vadodara,Gujarat
Vadodara,Gujarat
Vadodara,Gujarat
Bikaner,Rajasthan
Pune,Maharashtra
Chennai,Tamil Nadu
Chennai,Tamil Nadu
Chennai,Tamil Nadu
Viluppuram,Tamil Nadu
Mumbai Suburban,Maharashtra
Mumbai Suburban,Maharashtra
Mumbai City,Maharashtra
Thane,Maharashtra
Thane,Maharashtra
Mumbai City,Maharashtra
Mumbai City,Maharashtra
Mumbai City,Maharashtra
Mumbai Suburban,Maharashtra
North Delhi,Delhi
Central Delhi,Delhi
North Delhi,Delhi
North Delhi,Delhi
North Delhi,Delhi
Surat,Gujarat
Kamrup,Assam
Kanpur Nagar,Uttar Pradesh
Kolkata,West Bengal
Dakshina Kannada,Karnataka
Ludhiana,Punjab
Thiruvananthapuram,Kerala
Chennai,Tamil Nadu
Bangalore Urban,Karnataka
Dakshina Kannada,Karnataka
Bangalore Urban,Karnataka
Kheda,Gujarat
Ahmedabad,Gujarat
Nizamabad,Andhra Pradesh
Hyderabad,Andhra Pradesh
Lakhisarai,Bihar
Hyderabad,Andhra Pradesh
Guntur,Andhra Pradesh
Warangal,Andhra Pradesh
Junagadh,Gujarat
Bhilwara,Rajasthan
Prakasam,Andhra Pradesh
Ahmednagar,Maharashtra
Mumbai Suburban,Maharashtra
Mumbai Suburban,Maharashtra
West Delhi,Delhi
Allahabad,Uttar Pradesh
Kozhikode,Kerala
Hyderabad,Andhra Pradesh
Indore,Madhya Pradesh
Mandsaur,Madhya Pradesh
Hoshangabad,Madhya Pradesh
Kolkata,West Bengal
Lucknow,Uttar Pradesh
Mumbai Suburban,Maharashtra
Bangalore Urban,Karnataka
Hyderabad,Andhra Pradesh
Kushinagar,Uttar Pradesh
Mumbai Suburban,Maharashtra
West Delhi,Delhi
Surat,Gujarat
Mumbai Suburban,Maharashtra
Amreli,Gujarat
Mumbai Suburban,Maharashtra
Ahmedabad,Gujarat
Bangalore Urban,Karnataka
Kanpur Nagar,Uttar Pradesh
Mumbai City,Maharashtra
Chennai,Tamil Nadu
Ahmedabad,Gujarat
Mumbai City,Maharashtra
Mumbai City,Maharashtra
Mumbai City,Maharashtra
Mumbai Suburban,Maharashtra
Mumbai City,Maharashtra
Mumbai Suburban,Maharashtra
Mumbai Suburban,Maharashtra
Bangalore Urban,Karnataka
Mumbai City,Maharashtra
Mumbai Suburban,Maharashtra
Hyderabad,Andhra Pradesh
Mumbai Suburban,Maharashtra
Mumbai Suburban,Maharashtra
Mumbai City,Maharashtra
Bangalore Urban,Karnataka
Nagpur,Maharashtra
Nagpur,Maharashtra
Nagpur,Maharashtra
South Delhi,Delhi
Mumbai Suburban,Maharashtra
Thane,Maharashtra
Mumbai City,Maharashtra
Mumbai Suburban,Maharashtra
Mumbai Suburban,Maharashtra
Bangalore Urban,Karnataka
Bangalore Urban,Karnataka
Bangalore Urban,Karnataka
Ahmedabad,Gujarat
Mumbai City,Maharashtra
Bangalore Urban,Karnataka
Mumbai Suburban,Maharashtra
Mumbai Suburban,Maharashtra
Mumbai City,Maharashtra
Mumbai Suburban,Maharashtra
Dharwad,Karnataka
Dharwad,Karnataka
Bangalore Urban,Karnataka
South Goa,Goa
Mumbai Suburban,Maharashtra
NA,NA
Tirunelveli,Tamil Nadu
Sitapur,Uttar Pradesh
NA,NA
Bardhaman,West Bengal
Vishakhapatnam,Andhra Pradesh
Vellore,Tamil Nadu
Karimnagar,Andhra Pradesh
Kozhikode,Kerala
Kannur,Kerala
Kollam,Kerala
Kannur,Kerala
Ernakulam,Kerala
Kozhikode,Kerala
Malappuram,Kerala
NA,NA
Kozhikode,Kerala
Vellore,Tamil Nadu
Ernakulam,Kerala
Ernakulam,Kerala
Kollam,Kerala
NA,NA
NA,NA
NA,NA
Mysore,Karnataka
NA,NA
Pune,Maharashtra
Bhopal,Madhya Pradesh
Vellore,Tamil Nadu
Coimbatore,Tamil Nadu
Durg,Chhattisgarh
Ahmednagar,Maharashtra
Bangalore Urban,Karnataka
Kheda,Gujarat
Indore,Madhya Pradesh
Mumbai City,Maharashtra
West Delhi,Delhi
Lalitpur,Uttar Pradesh
West Godavari,Andhra Pradesh
Bhavnagar,Gujarat
Allahabad,Uttar Pradesh
Firozpur,Punjab
Mumbai City,Maharashtra
Mumbai City,Maharashtra
Surat,Gujarat
Bangalore Urban,Karnataka
Bellary,Karnataka
Kolkata,West Bengal
Ludhiana,Punjab
Sangrur,Punjab
Hooghly,West Bengal
Gandhinagar,Gujarat
Indore,Madhya Pradesh
Saharanpur,Uttar Pradesh
Malappuram,Kerala
Thrissur,Kerala
Thrissur,Kerala
NA,NA
Thrissur,Kerala
Thrissur,Kerala
Thrissur,Kerala
Malappuram,Kerala
Ernakulam,Kerala
Thrissur,Kerala
Thiruvananthapuram,Kerala
Thrissur,Kerala
Thrissur,Kerala
Madurai,Tamil Nadu
Hyderabad,Andhra Pradesh
Thrissur,Kerala
Thrissur,Kerala
Kottayam,Kerala
Madurai,Tamil Nadu
Thrissur,Kerala
Dindigul,Tamil Nadu
Tiruchirapalli,Tamil Nadu
Thiruvananthapuram,Kerala
Bikaner,Rajasthan
Bikaner,Rajasthan
Bardhaman,West Bengal
Vishakhapatnam,Andhra Pradesh
Vishakhapatnam,Andhra Pradesh
Vishakhapatnam,Andhra Pradesh
Kheda,Gujarat
Surat,Gujarat
NA,NA
Valsad,Gujarat
Thiruvallur,Tamil Nadu
Hyderabad,Andhra Pradesh
Bhopal,Madhya Pradesh
Raigad,Maharashtra
Bangalore Urban,Karnataka
Birbhum,West Bengal
Valsad,Gujarat
Thrissur,Kerala
Madurai,Tamil Nadu
Mumbai Suburban,Maharashtra
Surat,Gujarat
Kolkata,West Bengal
Nagaon,Assam
Rajkot,Gujarat
Valsad,Gujarat
Bhavnagar,Gujarat
Lalitpur,Uttar Pradesh
Lucknow,Uttar Pradesh
Ernakulam,Kerala
Jalgaon,Maharashtra
Jalgaon,Maharashtra
East Delhi,Delhi
Jhansi,Uttar Pradesh
West Godavari,Andhra Pradesh
Bhilwara,Rajasthan
Bangalore Urban,Karnataka
Bhavnagar,Gujarat
Bangalore Urban,Karnataka
Surat,Gujarat
Surendranagar,Gujarat
Rajkot,Gujarat
Indore,Madhya Pradesh
Ahmedabad,Gujarat
Ahmedabad,Gujarat
Ahmedabad,Gujarat
Vadodara,Gujarat
Ahmedabad,Gujarat
Ahmedabad,Gujarat
Banas Kantha,Gujarat
Ahmedabad,Gujarat
Ahmedabad,Gujarat
Kheda,Gujarat
Navsari,Gujarat
Banas Kantha,Gujarat
Ahmedabad,Gujarat
Ahmedabad,Gujarat
Banas Kantha,Gujarat
Banas Kantha,Gujarat
Kurnool,Andhra Pradesh
Hyderabad,Andhra Pradesh
Hyderabad,Andhra Pradesh
Hyderabad,Andhra Pradesh
Hyderabad,Andhra Pradesh
Hyderabad,Andhra Pradesh
Hyderabad,Andhra Pradesh
Lucknow,Uttar Pradesh
Lucknow,Uttar Pradesh
Gonda,Uttar Pradesh
Vadodara,Gujarat
Vadodara,Gujarat
Vadodara,Gujarat
Vadodara,Gujarat
Vadodara,Gujarat
Bikaner,Rajasthan
Pune,Maharashtra
Chennai,Tamil Nadu
Chennai,Tamil Nadu
Chennai,Tamil Nadu
Viluppuram,Tamil Nadu
Mumbai Suburban,Maharashtra
Thane,Maharashtra
Mumbai Suburban,Maharashtra
Thane,Maharashtra
Thane,Maharashtra
Mumbai City,Maharashtra
Thane,Maharashtra
Mumbai City,Maharashtra
Mumbai Suburban,Maharashtra
Mumbai City,Maharashtra
East Delhi,Delhi
Central Delhi,Delhi
North Delhi,Delhi
North Delhi,Delhi
Central Delhi,Delhi
Surat,Gujarat
Valsad,Gujarat
Surat,Gujarat
Kanpur Nagar,Uttar Pradesh
Kanpur Nagar,Uttar Pradesh
Patna,Bihar
Munger,Bihar
Kolkata,West Bengal
Dakshina Kannada,Karnataka
Ludhiana,Punjab
Thiruvananthapuram,Kerala
Chennai,Tamil Nadu
Bangalore Urban,Karnataka
Bangalore Urban,Karnataka
Dakshina Kannada,Karnataka
Bangalore Urban,Karnataka
Durg,Chhattisgarh
Nagpur,Maharashtra
Kheda,Gujarat
Ahmedabad,Gujarat
Nizamabad,Andhra Pradesh
Hyderabad,Andhra Pradesh
Warangal,Andhra Pradesh
Nalgonda,Andhra Pradesh
Warangal,Andhra Pradesh
Mumbai Suburban,Maharashtra
Mumbai Suburban,Maharashtra
Kozhikode,Kerala
Hyderabad,Andhra Pradesh
Indore,Madhya Pradesh
Mandsaur,Madhya Pradesh
Hoshangabad,Madhya Pradesh
Kolkata,West Bengal
Lucknow,Uttar Pradesh
Bikaner,Rajasthan
Mumbai Suburban,Maharashtra
Bangalore Urban,Karnataka
Hyderabad,Andhra Pradesh
Kushinagar,Uttar Pradesh
Mumbai Suburban,Maharashtra
Raigad,Maharashtra
West Delhi,Delhi
Mumbai Suburban,Maharashtra
Central Delhi,Delhi
Amreli,Gujarat
Mumbai Suburban,Maharashtra
Ahmedabad,Gujarat
Kanpur Nagar,Uttar Pradesh
Kanpur Nagar,Uttar Pradesh
Mumbai City,Maharashtra
Chennai,Tamil Nadu
Ahmedabad,Gujarat
Mumbai City,Maharashtra
Mumbai City,Maharashtra
Mumbai City,Maharashtra
Mumbai Suburban,Maharashtra
Mumbai City,Maharashtra
Mumbai Suburban,Maharashtra
Mumbai Suburban,Maharashtra
Bangalore Urban,Karnataka
Mumbai City,Maharashtra
Mumbai Suburban,Maharashtra
Hyderabad,Andhra Pradesh
Mumbai Suburban,Maharashtra
Mumbai Suburban,Maharashtra
Mumbai City,Maharashtra
Mumbai City,Maharashtra
Nagpur,Maharashtra
Nagpur,Maharashtra
Nagpur,Maharashtra
South Delhi,Delhi
Mumbai Suburban,Maharashtra
Mumbai City,Maharashtra
Mumbai Suburban,Maharashtra
Mumbai Suburban,Maharashtra
Bangalore Urban,Karnataka
Bangalore Urban,Karnataka
Bangalore Urban,Karnataka
Ahmedabad,Gujarat
Mumbai City,Maharashtra
Bangalore Urban,Karnataka
Mumbai Suburban,Maharashtra
Mumbai Suburban,Maharashtra
Mumbai City,Maharashtra
Mumbai Suburban,Maharashtra
East Delhi,Delhi
Dharwad,Karnataka
Dharwad,Karnataka
Bangalore Urban,Karnataka
Bangalore Urban,Karnataka
Kolkata,West Bengal
North Goa,Goa
Tirunelveli,Tamil Nadu
Dharmapuri,Tamil Nadu
Dhanbad,Jharkhand
Vadodara,Gujarat
Vellore,Tamil Nadu
Gwalior,Madhya Pradesh
Vellore,Tamil Nadu
Salem,Tamil Nadu
Pune,Maharashtra
Mumbai City,Maharashtra
Kannur,Kerala
Kozhikode,Kerala
Alappuzha,Kerala
Kozhikode,Kerala
Kottayam,Kerala
Alappuzha,Kerala
Mumbai Suburban,Maharashtra
Kollam,Kerala
NA,NA
Kannur,Kerala
Alappuzha,Kerala
Thrissur,Kerala
Kozhikode,Kerala
Kozhikode,Kerala
Thiruvananthapuram,Kerala
Kannur,Kerala
Malappuram,Kerala
Ernakulam,Kerala
Kannur,Kerala
Kozhikode,Kerala
Kozhikode,Kerala
Kannur,Kerala
Kozhikode,Kerala
Ernakulam,Kerala
Ernakulam,Kerala
Alappuzha,Kerala
Kozhikode,Kerala
Kannur,Kerala
Ernakulam,Kerala
Bangalore Urban,Karnataka
Alappuzha,Kerala
Hyderabad,Andhra Pradesh
Thane,Maharashtra
Kollam,Kerala
South Delhi,Delhi
Karimnagar,Andhra Pradesh
Pune,Maharashtra
Mumbai Suburban,Maharashtra
Bhopal,Madhya Pradesh
Vellore,Tamil Nadu
Coimbatore,Tamil Nadu
Chennai,Tamil Nadu
Bharuch,Gujarat
Bhavnagar,Gujarat
Chennai,Tamil Nadu
Pune,Maharashtra
Satara,Maharashtra
Ahmednagar,Maharashtra
Solapur,Maharashtra
Lucknow,Uttar Pradesh
Jhabua,Madhya Pradesh
Bangalore Urban,Karnataka
Kaimur,Bihar
Bangalore Urban,Karnataka
Vadodara,Gujarat
Mandsaur,Madhya Pradesh
Ranchi,Jharkhand
Gautam Buddha Nagar,Uttar Pradesh
Lalitpur,Uttar Pradesh
Agra,Uttar Pradesh
Bhavnagar,Gujarat
Chennai,Tamil Nadu
Firozpur,Punjab
Ludhiana,Punjab
Sangrur,Punjab
Jaipur,Rajasthan
Mahesana,Gujarat
North 24 Parganas,West Bengal
Gandhinagar,Gujarat
Mahesana,Gujarat
Chittoor,Andhra Pradesh
Madurai,Tamil Nadu
Allahabad,Uttar Pradesh
Barmer,Rajasthan
Mumbai Suburban,Maharashtra
Thane,Maharashtra
Kanpur Nagar,Uttar Pradesh
Raipur,Chhattisgarh
Chennai,Tamil Nadu
Tiruchirapalli,Tamil Nadu
Pune,Maharashtra
Raigad,Maharashtra
Valsad,Gujarat
Ahmedabad,Gujarat
Valsad,Gujarat
Lucknow,Uttar Pradesh
Sultanpur,Uttar Pradesh
Thrissur,Kerala
Thiruvananthapuram,Kerala
Thrissur,Kerala
Thrissur,Kerala
Thrissur,Kerala
Thrissur,Kerala
Chennai,Tamil Nadu
Madurai,Tamil Nadu
Thrissur,Kerala
Thiruvananthapuram,Kerala
Guntur,Andhra Pradesh
Thrissur,Kerala
Madurai,Tamil Nadu
Hyderabad,Andhra Pradesh
Thrissur,Kerala
Kottayam,Kerala
Thrissur,Kerala
Thrissur,Kerala
Kottayam,Kerala
Chennai,Tamil Nadu
Thiruvananthapuram,Kerala
Vellore,Tamil Nadu
Tiruchirapalli,Tamil Nadu
Virudhunagar,Tamil Nadu
Thrissur,Kerala
Kottayam,Kerala
Thrissur,Kerala
Muzaffarpur,Bihar
Bikaner,Rajasthan
Vellore,Tamil Nadu
Bangalore Urban,Karnataka
Nashik,Maharashtra
Kheda,Gujarat
Krishna,Andhra Pradesh
Surat,Gujarat
Meerut,Uttar Pradesh
Valsad,Gujarat
Bharuch,Gujarat
Thrissur,Kerala
Bathinda,Punjab
Bangalore Urban,Karnataka
Kozhikode,Kerala
Kanyakumari,Tamil Nadu
Birbhum,West Bengal
NA,NA
Dhanbad,Jharkhand
Bhopal,Madhya Pradesh
Thrissur,Kerala
Madurai,Tamil Nadu
Surat,Gujarat
Thrissur,Kerala
Madurai,Tamil Nadu
Gurdaspur,Punjab
Dharwad,Karnataka
Faizabad,Uttar Pradesh
Bharuch,Gujarat
Rajkot,Gujarat
Bhavnagar,Gujarat
Junagadh,Gujarat
Kamrup,Assam
Kozhikode,Kerala
Ranchi,Jharkhand
Dhanbad,Jharkhand
Bhavnagar,Gujarat
Mumbai Suburban,Maharashtra
Thane,Maharashtra
Mumbai City,Maharashtra
Rajkot,Gujarat
Udaipur,Rajasthan
Udaipur,Rajasthan
Jalgaon,Maharashtra
Kolhapur,Maharashtra
Jalgaon,Maharashtra
Vishakhapatnam,Andhra Pradesh
Pune,Maharashtra
Surat,Gujarat
Surat,Gujarat
Sabar Kantha,Gujarat
Udaipur,Rajasthan
Bangalore Urban,Karnataka
Bhavnagar,Gujarat
Bhavnagar,Gujarat
Bangalore Urban,Karnataka
Nagpur,Maharashtra
Durg,Chhattisgarh
Surat,Gujarat
Surendranagar,Gujarat
Rajkot,Gujarat
Indore,Madhya Pradesh
Indore,Madhya Pradesh
Ahmedabad,Gujarat
Ahmedabad,Gujarat
Ahmedabad,Gujarat
Vadodara,Gujarat
Ahmedabad,Gujarat
Ahmedabad,Gujarat
Banas Kantha,Gujarat
Ahmedabad,Gujarat
Ahmedabad,Gujarat
Mahesana,Gujarat
Ahmedabad,Gujarat
Kheda,Gujarat
Navsari,Gujarat
Banas Kantha,Gujarat
Patna,Bihar
Ahmedabad,Gujarat
Banas Kantha,Gujarat
Banas Kantha,Gujarat
Kurnool,Andhra Pradesh
Hyderabad,Andhra Pradesh
Hyderabad,Andhra Pradesh
Hyderabad,Andhra Pradesh
Hyderabad,Andhra Pradesh
Hyderabad,Andhra Pradesh
Hyderabad,Andhra Pradesh
Hyderabad,Andhra Pradesh
Lucknow,Uttar Pradesh
Lucknow,Uttar Pradesh
Gonda,Uttar Pradesh
Vadodara,Gujarat
Vadodara,Gujarat
Vadodara,Gujarat
Bikaner,Rajasthan
Udaipur,Rajasthan
Pune,Maharashtra
Pune,Maharashtra
Chennai,Tamil Nadu
Chennai,Tamil Nadu
Thiruvallur,Tamil Nadu
Viluppuram,Tamil Nadu
Mumbai Suburban,Maharashtra
Mumbai Suburban,Maharashtra
Mumbai City,Maharashtra
Thane,Maharashtra
Thane,Maharashtra
Mumbai City,Maharashtra
Mumbai City,Maharashtra
Mumbai Suburban,Maharashtra
Mumbai City,Maharashtra
Central Delhi,Delhi
South Delhi,Delhi
North Delhi,Delhi
Surat,Gujarat
Surat,Gujarat
Kanpur Nagar,Uttar Pradesh
Kanpur Nagar,Uttar Pradesh
Patna,Bihar
Kolkata,West Bengal
Dakshina Kannada,Karnataka
Virudhunagar,Tamil Nadu
Ludhiana,Punjab
Thiruvananthapuram,Kerala
Chennai,Tamil Nadu
Bangalore Urban,Karnataka
Bangalore Urban,Karnataka
Bangalore Urban,Karnataka
Dakshina Kannada,Karnataka
Bangalore Urban,Karnataka
Rajnandgaon,Chhattisgarh
Kheda,Gujarat
Ahmedabad,Gujarat
Nizamabad,Andhra Pradesh
Hyderabad,Andhra Pradesh
Guntur,Andhra Pradesh
East Godavari,Andhra Pradesh
Nalgonda,Andhra Pradesh
Anantapur,Andhra Pradesh
Bhilwara,Rajasthan
Mumbai Suburban,Maharashtra
Mumbai Suburban,Maharashtra
Firozpur,Punjab
Kozhikode,Kerala
Hyderabad,Andhra Pradesh
Warangal,Andhra Pradesh
Jaipur,Rajasthan
Indore,Madhya Pradesh
Mandsaur,Madhya Pradesh
Kolkata,West Bengal
Lucknow,Uttar Pradesh
Mumbai Suburban,Maharashtra
Bangalore Urban,Karnataka
Hyderabad,Andhra Pradesh
Kushinagar,Uttar Pradesh
Mumbai Suburban,Maharashtra
Raigad,Maharashtra
West Delhi,Delhi
Mumbai Suburban,Maharashtra
Amreli,Gujarat
Mumbai Suburban,Maharashtra
Ahmedabad,Gujarat
Mumbai City,Maharashtra
Chennai,Tamil Nadu
Ahmedabad,Gujarat
Mumbai City,Maharashtra
Mumbai City,Maharashtra
Mumbai Suburban,Maharashtra
Mumbai City,Maharashtra
Mumbai Suburban,Maharashtra
Mumbai Suburban,Maharashtra
Bangalore Urban,Karnataka
Mumbai City,Maharashtra
Bangalore Urban,Karnataka
Mumbai Suburban,Maharashtra
Hyderabad,Andhra Pradesh
Mumbai Suburban,Maharashtra
Mumbai Suburban,Maharashtra
Mumbai City,Maharashtra
Bangalore Urban,Karnataka
Mumbai City,Maharashtra
Nagpur,Maharashtra
Nagpur,Maharashtra
Nagpur,Maharashtra
South Delhi,Delhi
Mumbai Suburban,Maharashtra
Mumbai City,Maharashtra
Mumbai Suburban,Maharashtra
Mumbai Suburban,Maharashtra
Bangalore Urban,Karnataka
Bangalore Urban,Karnataka
Bangalore Urban,Karnataka
Ahmedabad,Gujarat
Mumbai City,Maharashtra
Bangalore Urban,Karnataka
Mumbai Suburban,Maharashtra
Mumbai Suburban,Maharashtra
Mumbai Suburban,Maharashtra
Mahesana,Gujarat
Mumbai City,Maharashtra
Bangalore Urban,Karnataka
South Goa,Goa
Vadodara,Gujarat
Pune,Maharashtra
Birbhum,West Bengal
Mumbai City,Maharashtra
Gurgaon,Haryana
Alappuzha,Kerala
Kozhikode,Kerala
Kottayam,Kerala
Kollam,Kerala
Alappuzha,Kerala
Kasaragod,Kerala
Puri,Orissa
Bangalore Urban,Karnataka
Malappuram,Kerala
Bangalore Urban,Karnataka
Ernakulam,Kerala
Kozhikode,Kerala
Alappuzha,Kerala
Kozhikode,Kerala
Malappuram,Kerala
Ernakulam,Kerala
Jorhat,Assam
Idukki,Kerala
Ernakulam,Kerala
Bangalore Urban,Karnataka
Thiruvananthapuram,Kerala
Bangalore Urban,Karnataka
Pune,Maharashtra
Thane,Maharashtra
South Goa,Goa
Alappuzha,Kerala
Bangalore Urban,Karnataka
Bhavnagar,Gujarat
Salem,Tamil Nadu
Bhopal,Madhya Pradesh
Bharuch,Gujarat
Bhavnagar,Gujarat
Mumbai Suburban,Maharashtra
Puri,Orissa
Ahmedabad,Gujarat
Lucknow,Uttar Pradesh
Mumbai Suburban,Maharashtra
Vadodara,Gujarat
Munger,Bihar
Bangalore Urban,Karnataka
Chandigarh,Chandigarh
Mumbai Suburban,Maharashtra
Surendranagar,Gujarat
Hyderabad,Andhra Pradesh
Rajkot,Gujarat
Firozpur,Punjab
Mumbai City,Maharashtra
Patna,Bihar
Bangalore Urban,Karnataka
Bangalore Urban,Karnataka
Ludhiana,Punjab
Sangrur,Punjab
Mumbai City,Maharashtra
Hooghly,West Bengal
Mahesana,Gujarat
Raigad,Maharashtra
Ballia,Uttar Pradesh
Valsad,Gujarat
Thrissur,Kerala
Thrissur,Kerala
Thrissur,Kerala
Thrissur,Kerala
Thrissur,Kerala
Hyderabad,Andhra Pradesh
Thrissur,Kerala
Pune,Maharashtra
Thrissur,Kerala
Tiruchirapalli,Tamil Nadu
Virudhunagar,Tamil Nadu
Thrissur,Kerala
Junagadh,Gujarat
Faridabad,Haryana
Mumbai Suburban,Maharashtra
Kheda,Gujarat
Kheda,Gujarat
Valsad,Gujarat
Kottayam,Kerala
Darjeeling,West Bengal
Kurnool,Andhra Pradesh
Kanyakumari,Tamil Nadu
Bhopal,Madhya Pradesh
Thrissur,Kerala
Mumbai Suburban,Maharashtra
Faizabad,Uttar Pradesh
Bharuch,Gujarat
Bangalore Urban,Karnataka
Nalgonda,Andhra Pradesh
Pune,Maharashtra
Pune,Maharashtra
Howrah,West Bengal
Mumbai Suburban,Maharashtra
Mumbai City,Maharashtra
East Delhi,Delhi
Indore,Madhya Pradesh
Udaipur,Rajasthan
NA,NA
Nashik,Maharashtra
Bhavnagar,Gujarat
Surendranagar,Gujarat
Surat,Gujarat
Jalgaon,Maharashtra
Surat,Gujarat
Surat,Gujarat
Mumbai Suburban,Maharashtra
Kolkata,West Bengal
Bhilwara,Rajasthan
Bikaner,Rajasthan
Mumbai Suburban,Maharashtra
Rajkot,Gujarat
Mumbai City,Maharashtra
Mumbai City,Maharashtra
Bangalore Urban,Karnataka
Bhavnagar,Gujarat
Central Delhi,Delhi
Kollam,Kerala
Bangalore Urban,Karnataka
Bangalore Urban,Karnataka
Durg,Chhattisgarh
Chhindwara,Madhya Pradesh
Surat,Gujarat
Surendranagar,Gujarat
Rajkot,Gujarat
Indore,Madhya Pradesh
Ahmedabad,Gujarat
Ahmedabad,Gujarat
Vadodara,Gujarat
Ahmedabad,Gujarat
Ahmedabad,Gujarat
Banas Kantha,Gujarat
Ahmedabad,Gujarat
Ahmedabad,Gujarat
Ahmedabad,Gujarat
Mahesana,Gujarat
Kheda,Gujarat
Navsari,Gujarat
Banas Kantha,Gujarat
Patna,Bihar
Ahmedabad,Gujarat
Banas Kantha,Gujarat
Banas Kantha,Gujarat
Kurnool,Andhra Pradesh
Hyderabad,Andhra Pradesh
Hyderabad,Andhra Pradesh
Hyderabad,Andhra Pradesh
Hyderabad,Andhra Pradesh
Hyderabad,Andhra Pradesh
Hyderabad,Andhra Pradesh
Hyderabad,Andhra Pradesh
Hyderabad,Andhra Pradesh
Hyderabad,Andhra Pradesh
Lucknow,Uttar Pradesh
Lucknow,Uttar Pradesh
Gonda,Uttar Pradesh
Vadodara,Gujarat
Vadodara,Gujarat
Vadodara,Gujarat
Ahmednagar,Maharashtra
Pune,Maharashtra
Chennai,Tamil Nadu
Chennai,Tamil Nadu
Thiruvallur,Tamil Nadu
Viluppuram,Tamil Nadu
Mumbai Suburban,Maharashtra
Mumbai Suburban,Maharashtra
Mumbai Suburban,Maharashtra
Mumbai City,Maharashtra
Thane,Maharashtra
Thane,Maharashtra
Mumbai City,Maharashtra
Mumbai City,Maharashtra
Mumbai City,Maharashtra
Mumbai Suburban,Maharashtra
Mumbai City,Maharashtra
East Delhi,Delhi
Central Delhi,Delhi
North Delhi,Delhi
North Delhi,Delhi
Surat,Gujarat
Navsari,Gujarat
Kanpur Nagar,Uttar Pradesh
Kanpur Nagar,Uttar Pradesh
Patna,Bihar
Purba Singhbhum,Jharkhand
Dakshina Kannada,Karnataka
Ernakulam,Kerala
Virudhunagar,Tamil Nadu
Ludhiana,Punjab
Thiruvananthapuram,Kerala
Chennai,Tamil Nadu
Bangalore Urban,Karnataka
Bangalore Urban,Karnataka
Bangalore Urban,Karnataka
Dakshina Kannada,Karnataka
Bangalore Urban,Karnataka
Durg,Chhattisgarh
Rajnandgaon,Chhattisgarh
Kheda,Gujarat
Ahmedabad,Gujarat
Nizamabad,Andhra Pradesh
Hyderabad,Andhra Pradesh
Hyderabad,Andhra Pradesh
Guntur,Andhra Pradesh
Nalgonda,Andhra Pradesh
Anantapur,Andhra Pradesh
Warangal,Andhra Pradesh
Bangalore Urban,Karnataka
Kota,Rajasthan
Guntur,Andhra Pradesh
Prakasam,Andhra Pradesh
Mumbai Suburban,Maharashtra
Mumbai Suburban,Maharashtra
Kozhikode,Kerala
Hyderabad,Andhra Pradesh
Jaipur,Rajasthan
Indore,Madhya Pradesh
Mandsaur,Madhya Pradesh
Kolkata,West Bengal
Lucknow,Uttar Pradesh
Mumbai Suburban,Maharashtra
Bangalore Urban,Karnataka
Hyderabad,Andhra Pradesh
Kushinagar,Uttar Pradesh
Mumbai Suburban,Maharashtra
West Delhi,Delhi
Mumbai Suburban,Maharashtra
Amreli,Gujarat
Mumbai Suburban,Maharashtra
Ahmedabad,Gujarat
Kanpur Nagar,Uttar Pradesh
Kanpur Nagar,Uttar Pradesh
Mumbai City,Maharashtra
Kolkata,West Bengal
Chennai,Tamil Nadu
Ahmedabad,Gujarat
Mumbai City,Maharashtra
Mumbai City,Maharashtra
Mumbai City,Maharashtra
Mumbai Suburban,Maharashtra
Mumbai City,Maharashtra
Mumbai Suburban,Maharashtra
Mumbai Suburban,Maharashtra
Bangalore Urban,Karnataka
Mumbai City,Maharashtra
Mumbai Suburban,Maharashtra
Hyderabad,Andhra Pradesh
Mumbai Suburban,Maharashtra
Mumbai Suburban,Maharashtra
Mumbai City,Maharashtra
Nagpur,Maharashtra
Nagpur,Maharashtra
Nagpur,Maharashtra
South Delhi,Delhi
Mumbai Suburban,Maharashtra
Mumbai City,Maharashtra
Mumbai Suburban,Maharashtra
Mumbai Suburban,Maharashtra
Bangalore Urban,Karnataka
Bangalore Urban,Karnataka
Bangalore Urban,Karnataka
Ahmedabad,Gujarat
Mumbai City,Maharashtra
Bangalore Urban,Karnataka
Mumbai Suburban,Maharashtra
Mumbai Suburban,Maharashtra
Mumbai Suburban,Maharashtra
Mumbai Suburban,Maharashtra
Khargone,Madhya Pradesh
Bangalore Urban,Karnataka
Bangalore Urban,Karnataka
Mahesana,Gujarat
Vadodara,Gujarat
Buldhana,Maharashtra
Dhanbad,Jharkhand
Vellore,Tamil Nadu
Vellore,Tamil Nadu
Birbhum,West Bengal
Lucknow,Uttar Pradesh
Alappuzha,Kerala
Alappuzha,Kerala
Kannur,Kerala
Ernakulam,Kerala
Kozhikode,Kerala
Alappuzha,Kerala
Kannur,Kerala
Ernakulam,Kerala
Kannur,Kerala
Ernakulam,Kerala
Jorhat,Assam
Idukki,Kerala
Hyderabad,Andhra Pradesh
NA,NA
Pune,Maharashtra
Mayurbhanj,Orissa
Bharuch,Gujarat
Surat,Gujarat
Durg,Chhattisgarh
Thrissur,Kerala
Mumbai City,Maharashtra
Vadodara,Gujarat
Belgaum,Karnataka
Munger,Bihar
Bangalore Urban,Karnataka
Surat,Gujarat
Pune,Maharashtra
Hyderabad,Andhra Pradesh
Hyderabad,Andhra Pradesh
Rajkot,Gujarat
NA,Pondicherry
Mumbai City,Maharashtra
Patna,Bihar
Bangalore Urban,Karnataka
Ludhiana,Punjab
Sangrur,Punjab
Mumbai City,Maharashtra
Bareilly,Uttar Pradesh
South 24 Parganas,West Bengal
Hooghly,West Bengal
Dibrugarh,Assam
Gandhinagar,Gujarat
West Delhi,Delhi
Durg,Chhattisgarh
Mumbai Suburban,Maharashtra
Thane,Maharashtra
Kanpur Nagar,Uttar Pradesh
Pune,Maharashtra
Ahmedabad,Gujarat
Valsad,Gujarat
Ballia,Uttar Pradesh
Sultanpur,Uttar Pradesh
Thrissur,Kerala
Thiruvananthapuram,Kerala
Thrissur,Kerala
Thrissur,Kerala
Thiruvananthapuram,Kerala
Thrissur,Kerala
Hyderabad,Andhra Pradesh
Thrissur,Kerala
Virudhunagar,Tamil Nadu
Thrissur,Kerala
Nainital,Uttarakhand
Agra,Uttar Pradesh
Kheda,Gujarat
East Godavari,Andhra Pradesh
Banas Kantha,Gujarat
Kolkata,West Bengal
Pune,Maharashtra
Kurnool,Andhra Pradesh
Vadodara,Gujarat
Bhopal,Madhya Pradesh
Thrissur,Kerala
Pune,Maharashtra
Pune,Maharashtra
Nashik,Maharashtra
Faizabad,Uttar Pradesh
Bharuch,Gujarat
Mumbai Suburban,Maharashtra
Bhavnagar,Gujarat
Nalgonda,Andhra Pradesh
Dhule,Maharashtra
Mumbai Suburban,Maharashtra
Valsad,Gujarat
Lucknow,Uttar Pradesh
Bangalore Urban,Karnataka
Kachchh,Gujarat
Kachchh,Gujarat
Kachchh,Gujarat
Bellary,Karnataka
Kachchh,Gujarat
Kachchh,Gujarat
NA,NA
Sri Ganganagar,Rajasthan
Nashik,Maharashtra
Amravati,Maharashtra
Ernakulam,Kerala
Gurdaspur,Punjab
Surat,Gujarat
Ratnagiri,Maharashtra
Mumbai Suburban,Maharashtra
Dharwad,Karnataka
Mumbai Suburban,Maharashtra
Surat,Gujarat
Dharwad,Karnataka
Sabar Kantha,Gujarat
Vadodara,Gujarat
Bikaner,Rajasthan
Bangalore Urban,Karnataka
Bhavnagar,Gujarat
Bhavnagar,Gujarat
Kollam,Kerala
Bangalore Urban,Karnataka
Bangalore Urban,Karnataka
Durg,Chhattisgarh
Surat,Gujarat
Kachchh,Gujarat
Surendranagar,Gujarat
Rajkot,Gujarat
Indore,Madhya Pradesh
Indore,Madhya Pradesh
Ahmedabad,Gujarat
Ahmedabad,Gujarat
Ahmedabad,Gujarat
Vadodara,Gujarat
Ahmedabad,Gujarat
Ahmedabad,Gujarat
Banas Kantha,Gujarat
Ahmedabad,Gujarat
Ahmedabad,Gujarat
Kheda,Gujarat
Banas Kantha,Gujarat
Patna,Bihar
Ahmedabad,Gujarat
Banas Kantha,Gujarat
Kurnool,Andhra Pradesh
Hyderabad,Andhra Pradesh
Hyderabad,Andhra Pradesh
Hyderabad,Andhra Pradesh
Hyderabad,Andhra Pradesh
Hyderabad,Andhra Pradesh
Hyderabad,Andhra Pradesh
Hyderabad,Andhra Pradesh
Lucknow,Uttar Pradesh
Lucknow,Uttar Pradesh
Gonda,Uttar Pradesh
Vadodara,Gujarat
Vadodara,Gujarat
Vadodara,Gujarat
Bikaner,Rajasthan
Pune,Maharashtra
Ahmednagar,Maharashtra
Pune,Maharashtra
Chennai,Tamil Nadu
Thiruvallur,Tamil Nadu
Viluppuram,Tamil Nadu
Mumbai Suburban,Maharashtra
Mumbai Suburban,Maharashtra
Mumbai Suburban,Maharashtra
Mumbai Suburban,Maharashtra
Mumbai City,Maharashtra
Thane,Maharashtra
Thane,Maharashtra
Mumbai City,Maharashtra
Thane,Maharashtra
Mumbai City,Maharashtra
Mumbai Suburban,Maharashtra
Mumbai City,Maharashtra
North Delhi,Delhi
Central Delhi,Delhi
North Delhi,Delhi
North Delhi,Delhi
North Delhi,Delhi
Surat,Gujarat
Surat,Gujarat
Navsari,Gujarat
Kanpur Nagar,Uttar Pradesh
Kanpur Nagar,Uttar Pradesh
Patna,Bihar
Kolkata,West Bengal
Kolkata,West Bengal
Dakshina Kannada,Karnataka
Ludhiana,Punjab
Thiruvananthapuram,Kerala
Chennai,Tamil Nadu
Bangalore Urban,Karnataka
Bangalore Urban,Karnataka
Bangalore Urban,Karnataka
Dakshina Kannada,Karnataka
Bangalore Urban,Karnataka
Rajnandgaon,Chhattisgarh
Ahmedabad,Gujarat
Hyderabad,Andhra Pradesh
Lakhisarai,Bihar
Medak,Andhra Pradesh
Hyderabad,Andhra Pradesh
Warangal,Andhra Pradesh
Guntur,Andhra Pradesh
East Godavari,Andhra Pradesh
Anantapur,Andhra Pradesh
Bangalore Urban,Karnataka
Kota,Rajasthan
Sawai Madhopur,Rajasthan
Mumbai Suburban,Maharashtra
Mumbai Suburban,Maharashtra
Navsari,Gujarat
Kozhikode,Kerala
Hyderabad,Andhra Pradesh
Warangal,Andhra Pradesh
Indore,Madhya Pradesh
Mandsaur,Madhya Pradesh
Kolkata,West Bengal
Lucknow,Uttar Pradesh
Mumbai Suburban,Maharashtra
Bangalore Urban,Karnataka
Hyderabad,Andhra Pradesh
Kushinagar,Uttar Pradesh
Mumbai Suburban,Maharashtra
Thane,Maharashtra
West Delhi,Delhi
Mumbai Suburban,Maharashtra
Central Delhi,Delhi
Amreli,Gujarat
Mumbai Suburban,Maharashtra
Ahmedabad,Gujarat
Kanpur Nagar,Uttar Pradesh
Bangalore Urban,Karnataka
Mumbai City,Maharashtra
Chennai,Tamil Nadu
Ahmedabad,Gujarat
Mumbai City,Maharashtra
Mumbai City,Maharashtra
Mumbai Suburban,Maharashtra
Mumbai City,Maharashtra
Mumbai Suburban,Maharashtra
Mumbai Suburban,Maharashtra
Thane,Maharashtra
Bangalore Urban,Karnataka
Mumbai City,Maharashtra
Bangalore Urban,Karnataka
Mumbai Suburban,Maharashtra
Hyderabad,Andhra Pradesh
Mumbai Suburban,Maharashtra
Mumbai Suburban,Maharashtra
Mumbai City,Maharashtra
Mumbai Suburban,Maharashtra
Nagpur,Maharashtra
Nagpur,Maharashtra
Nagpur,Maharashtra
South Delhi,Delhi
Mumbai Suburban,Maharashtra
Mumbai City,Maharashtra
Mumbai Suburban,Maharashtra
Krishna,Andhra Pradesh
Mumbai Suburban,Maharashtra
Bangalore Urban,Karnataka
Bangalore Urban,Karnataka
Bangalore Urban,Karnataka
Ahmedabad,Gujarat
Mumbai City,Maharashtra
Bangalore Urban,Karnataka
Mumbai Suburban,Maharashtra
Mumbai City,Maharashtra
Khargone,Madhya Pradesh
Bangalore Urban,Karnataka
Bangalore Urban,Karnataka
Pune,Maharashtra
Pune,Maharashtra
Pune,Maharashtra
Vadodara,Gujarat
Rewa,Madhya Pradesh
Dhanbad,Jharkhand
Birbhum,West Bengal
Alappuzha,Kerala
Ernakulam,Kerala
Ernakulam,Kerala
Kannur,Kerala
Hyderabad,Andhra Pradesh
NA,NA
Hassan,Karnataka
Pune,Maharashtra
Bharuch,Gujarat
Puri,Orissa
Vadodara,Gujarat
Belgaum,Karnataka
Kollam,Kerala
Surat,Gujarat
Surat,Gujarat
Surat,Gujarat
Surat,Gujarat
Bhavnagar,Gujarat
Hyderabad,Andhra Pradesh
Rajkot,Gujarat
Chennai,Tamil Nadu
Mumbai City,Maharashtra
Bellary,Karnataka
Ludhiana,Punjab
Pune,Maharashtra
Sangrur,Punjab
Mumbai City,Maharashtra
Bharuch,Gujarat
Hooghly,West Bengal
Dibrugarh,Assam
Patna,Bihar
Nagpur,Maharashtra
Pune,Maharashtra
Mumbai Suburban,Maharashtra
Ballia,Uttar Pradesh
Jhansi,Uttar Pradesh
Valsad,Gujarat
Thiruvananthapuram,Kerala
Thrissur,Kerala
Thiruvananthapuram,Kerala
Thrissur,Kerala
Hyderabad,Andhra Pradesh
Virudhunagar,Tamil Nadu
Pune,Maharashtra
Vellore,Tamil Nadu
Pune,Maharashtra
Kurnool,Andhra Pradesh
Dhanbad,Jharkhand
Thrissur,Kerala
Kamrup,Assam
Patna,Bihar
Pune,Maharashtra
Kozhikode,Kerala
Rajkot,Gujarat
Bharuch,Gujarat
Prakasam,Andhra Pradesh
Kachchh,Gujarat
Kachchh,Gujarat
Bellary,Karnataka
Nashik,Maharashtra
Chennai,Tamil Nadu
Ratnagiri,Maharashtra
Surat,Gujarat
Ratnagiri,Maharashtra
Mumbai Suburban,Maharashtra
Faridabad,Haryana
Adilabad,Andhra Pradesh
Surat,Gujarat
Dhule,Maharashtra
Sagar,Madhya Pradesh
Shahdol,Madhya Pradesh
Bhilwara,Rajasthan
Bangalore Urban,Karnataka
Bhavnagar,Gujarat
Kollam,Kerala
Bangalore Urban,Karnataka
Bangalore Urban,Karnataka
Bangalore Urban,Karnataka
Durg,Chhattisgarh
Rajkot,Gujarat
Surat,Gujarat
Kachchh,Gujarat
Surendranagar,Gujarat
Rajkot,Gujarat
Ahmedabad,Gujarat
Ahmedabad,Gujarat
Ahmedabad,Gujarat
Vadodara,Gujarat
Ahmedabad,Gujarat
Ahmedabad,Gujarat
Banas Kantha,Gujarat
Ahmedabad,Gujarat
Ahmedabad,Gujarat
Kheda,Gujarat
Banas Kantha,Gujarat
Patna,Bihar
Ahmedabad,Gujarat
Ahmedabad,Gujarat
Banas Kantha,Gujarat
Kurnool,Andhra Pradesh
Hyderabad,Andhra Pradesh
Hyderabad,Andhra Pradesh
Hyderabad,Andhra Pradesh
Hyderabad,Andhra Pradesh
Hyderabad,Andhra Pradesh
Hyderabad,Andhra Pradesh
Lucknow,Uttar Pradesh
Lucknow,Uttar Pradesh
Gonda,Uttar Pradesh
Vadodara,Gujarat
Vadodara,Gujarat
Vadodara,Gujarat
Bharuch,Gujarat
Vadodara,Gujarat
Bikaner,Rajasthan
Ajmer,Rajasthan
Pune,Maharashtra
Pune,Maharashtra
Pune,Maharashtra
Chennai,Tamil Nadu
Chennai,Tamil Nadu
Thiruvallur,Tamil Nadu
Viluppuram,Tamil Nadu
Mumbai Suburban,Maharashtra
Mumbai Suburban,Maharashtra
Mumbai City,Maharashtra
Thane,Maharashtra
Thane,Maharashtra
Mumbai City,Maharashtra
Mumbai City,Maharashtra
Mumbai Suburban,Maharashtra
Mumbai City,Maharashtra
Mumbai Suburban,Maharashtra
Pathanamthitta,Kerala
East Delhi,Delhi
Central Delhi,Delhi
South Delhi,Delhi
North Delhi,Delhi
North Delhi,Delhi
Surat,Gujarat
Surat,Gujarat
Navsari,Gujarat
Kanpur Nagar,Uttar Pradesh
Kanpur Nagar,Uttar Pradesh
Kanpur Nagar,Uttar Pradesh
Patna,Bihar
Patna,Bihar
Imphal East,Manipur
Dakshina Kannada,Karnataka
Virudhunagar,Tamil Nadu
Ludhiana,Punjab
Thiruvananthapuram,Kerala
Chennai,Tamil Nadu
Bangalore Urban,Karnataka
Bangalore Urban,Karnataka
Dakshina Kannada,Karnataka
Bangalore Urban,Karnataka
Rajnandgaon,Chhattisgarh
Nagpur,Maharashtra
Kheda,Gujarat
Ahmedabad,Gujarat
Lakhisarai,Bihar
Medak,Andhra Pradesh
Hyderabad,Andhra Pradesh
Warangal,Andhra Pradesh
Guntur,Andhra Pradesh
East Godavari,Andhra Pradesh
Nalgonda,Andhra Pradesh
Bangalore Urban,Karnataka
Kota,Rajasthan
Sawai Madhopur,Rajasthan
Guntur,Andhra Pradesh
Prakasam,Andhra Pradesh
Mumbai Suburban,Maharashtra
Mumbai Suburban,Maharashtra
Allahabad,Uttar Pradesh
Gorakhpur,Uttar Pradesh
Kozhikode,Kerala
Hyderabad,Andhra Pradesh
Jaipur,Rajasthan
Indore,Madhya Pradesh
Mandsaur,Madhya Pradesh
Kolkata,West Bengal
Lucknow,Uttar Pradesh
Bikaner,Rajasthan
Mumbai Suburban,Maharashtra
Bangalore Urban,Karnataka
Hyderabad,Andhra Pradesh
Kushinagar,Uttar Pradesh
Mumbai Suburban,Maharashtra
Mumbai Suburban,Maharashtra
West Delhi,Delhi
Mumbai Suburban,Maharashtra
Amreli,Gujarat
Mumbai Suburban,Maharashtra
Ahmedabad,Gujarat
East Champaran,Bihar
Kanpur Nagar,Uttar Pradesh
Kanpur Nagar,Uttar Pradesh
Mumbai City,Maharashtra
Chennai,Tamil Nadu
Ahmedabad,Gujarat
Mumbai City,Maharashtra
Mumbai City,Maharashtra
Mumbai Suburban,Maharashtra
Mumbai City,Maharashtra
Mumbai Suburban,Maharashtra
Mumbai Suburban,Maharashtra
Bangalore Urban,Karnataka
Mumbai City,Maharashtra
Mumbai Suburban,Maharashtra
Hyderabad,Andhra Pradesh
Mumbai Suburban,Maharashtra
Mumbai Suburban,Maharashtra
Mumbai City,Maharashtra
Nagpur,Maharashtra
Nagpur,Maharashtra
Nagpur,Maharashtra
Thane,Maharashtra
South Delhi,Delhi
Mumbai Suburban,Maharashtra
Mumbai City,Maharashtra
Mumbai Suburban,Maharashtra
Krishna,Andhra Pradesh
Mumbai Suburban,Maharashtra
Bangalore Urban,Karnataka
Bangalore Urban,Karnataka
Bangalore Urban,Karnataka
Ahmedabad,Gujarat
Mumbai City,Maharashtra
Mumbai Suburban,Maharashtra
Mumbai Suburban,Maharashtra
Mumbai Suburban,Maharashtra
Mumbai City,Maharashtra
Khargone,Madhya Pradesh
Jamnagar,Gujarat
Bangalore Urban,Karnataka
Bangalore Urban,Karnataka
Birbhum,West Bengal
Birbhum,West Bengal
Dhenkanal,Orissa
Puri,Orissa
Bangalore Urban,Karnataka
Nagpur,Maharashtra
Purba Singhbhum,Jharkhand
Kozhikode,Kerala
Alappuzha,Kerala
Alappuzha,Kerala
Bangalore Urban,Karnataka
Kannur,Kerala
NA,NA
Pathanamthitta,Kerala
NA,NA
Ernakulam,Kerala
Kozhikode,Kerala
Kozhikode,Kerala
Kheda,Gujarat
Ahmedabad,Gujarat
Banas Kantha,Gujarat
Mayurbhanj,Orissa
Vellore,Tamil Nadu
North Delhi,Delhi
Madurai,Tamil Nadu
Vishakhapatnam,Andhra Pradesh
Bhavnagar,Gujarat
Solapur,Maharashtra
Central Delhi,Delhi
NA,NA
Nashik,Maharashtra
Bhopal,Madhya Pradesh
Kollam,Kerala
Mumbai Suburban,Maharashtra
Mysore,Karnataka
Kanpur Nagar,Uttar Pradesh
Munger,Bihar
Surat,Gujarat
Mumbai City,Maharashtra
Ranchi,Jharkhand
North Delhi,Delhi
Mumbai City,Maharashtra
Patna,Bihar
Ludhiana,Punjab
Mahesana,Gujarat
Chennai,Tamil Nadu
Allahabad,Uttar Pradesh
Kanpur Nagar,Uttar Pradesh
Mumbai Suburban,Maharashtra
Saharanpur,Uttar Pradesh
Thrissur,Kerala
Thiruvananthapuram,Kerala
Thrissur,Kerala
Thrissur,Kerala
Thiruvananthapuram,Kerala
Thrissur,Kerala
Madurai,Tamil Nadu
Thrissur,Kerala
Thrissur,Kerala
Chennai,Tamil Nadu
Sivaganga,Tamil Nadu
Vellore,Tamil Nadu
Tiruchirapalli,Tamil Nadu
South Tripura,Tripura
Bhavnagar,Gujarat
Bikaner,Rajasthan
Faridabad,Haryana
Meerut,Uttar Pradesh
Meerut,Uttar Pradesh
Jalandhar,Punjab
South Delhi,Delhi
North Delhi,Delhi
Bharuch,Gujarat
Surendranagar,Gujarat
Meerut,Uttar Pradesh
Alappuzha,Kerala
Kottayam,Kerala
Mysore,Karnataka
Warangal,Andhra Pradesh
Kurnool,Andhra Pradesh
Bijnor,Uttar Pradesh
Rewa,Madhya Pradesh
Lucknow,Uttar Pradesh
Dhanbad,Jharkhand
Bhopal,Madhya Pradesh
West Tripura,Tripura
Lucknow,Uttar Pradesh
Jammu,Jammu and Kashmir
Surat,Gujarat
Saharanpur,Uttar Pradesh
Chennai,Tamil Nadu
Nashik,Maharashtra
Dehradun,Uttarakhand
Faizabad,Uttar Pradesh
Prakasam,Andhra Pradesh
Hazaribagh,Jharkhand
Valsad,Gujarat
Mumbai Suburban,Maharashtra
Bikaner,Rajasthan
Jalgaon,Maharashtra
Thane,Maharashtra
Chennai,Tamil Nadu
Bangalore Urban,Karnataka
Nashik,Maharashtra
Kachchh,Gujarat
Mumbai Suburban,Maharashtra
Saharanpur,Uttar Pradesh
Anantapur,Andhra Pradesh
Nainital,Uttarakhand
Bhavnagar,Gujarat
Ahmednagar,Maharashtra
Dhanbad,Jharkhand
Kheda,Gujarat
Kolhapur,Maharashtra
Solapur,Maharashtra
Solapur,Maharashtra
Dharwad,Karnataka
East Delhi,Delhi
Gurgaon,Haryana
Sagar,Madhya Pradesh
Mumbai Suburban,Maharashtra
Vellore,Tamil Nadu
Madurai,Tamil Nadu
North 24 Parganas,West Bengal
Hooghly,West Bengal
Bardhaman,West Bengal
Amravati,Maharashtra
Bilaspur,Himachal Pradesh
Gautam Buddha Nagar,Uttar Pradesh
Amreli,Gujarat
West Delhi,Delhi
Surat,Gujarat
Thiruvananthapuram,Kerala
Kanpur Nagar,Uttar Pradesh
Shahdol,Madhya Pradesh
Patna,Bihar
Jalor,Rajasthan
Bangalore Urban,Karnataka
Varanasi,Uttar Pradesh
Meerut,Uttar Pradesh
Jalor,Rajasthan
Jaipur,Rajasthan
West Midnapore,West Bengal
Mumbai Suburban,Maharashtra
Mumbai Suburban,Maharashtra
Mumbai City,Maharashtra
Mumbai Suburban,Maharashtra
Mumbai City,Maharashtra
Thane,Maharashtra
Thane,Maharashtra
Mumbai Suburban,Maharashtra
Mumbai Suburban,Maharashtra
Mumbai Suburban,Maharashtra
Thane,Maharashtra
Mumbai City,Maharashtra
Mumbai City,Maharashtra
Mumbai Suburban,Maharashtra
Thane,Maharashtra
Mumbai Suburban,Maharashtra
Ahmedabad,Gujarat
Ahmedabad,Gujarat
Ahmedabad,Gujarat
Vadodara,Gujarat
Ahmedabad,Gujarat
Ahmedabad,Gujarat
Banas Kantha,Gujarat
Ahmedabad,Gujarat
Ahmedabad,Gujarat
Ahmedabad,Gujarat
Kheda,Gujarat
Kheda,Gujarat
Banas Kantha,Gujarat
Patna,Bihar
Ahmedabad,Gujarat
Ahmedabad,Gujarat
Banas Kantha,Gujarat
Ahmedabad,Gujarat
Bangalore Urban,Karnataka
Bangalore Urban,Karnataka
Bangalore Urban,Karnataka
Bangalore Urban,Karnataka
Dakshina Kannada,Karnataka
Bangalore Urban,Karnataka
Vadodara,Gujarat
Vadodara,Gujarat
Vadodara,Gujarat
Bhavnagar,Gujarat
Bhavnagar,Gujarat
Bangalore Urban,Karnataka
Virudhunagar,Tamil Nadu
Kozhikode,Kerala
Kurnool,Andhra Pradesh
Hyderabad,Andhra Pradesh
Hyderabad,Andhra Pradesh
Hyderabad,Andhra Pradesh
Hyderabad,Andhra Pradesh
Hyderabad,Andhra Pradesh
Hyderabad,Andhra Pradesh
Hyderabad,Andhra Pradesh
Hyderabad,Andhra Pradesh
Guntur,Andhra Pradesh
East Godavari,Andhra Pradesh
Nalgonda,Andhra Pradesh
Bikaner,Rajasthan
Kanpur Nagar,Uttar Pradesh
Kanpur Nagar,Uttar Pradesh
Gorakhpur,Uttar Pradesh
Lucknow,Uttar Pradesh
Gonda,Uttar Pradesh
Ludhiana,Punjab
Chennai,Tamil Nadu
Chennai,Tamil Nadu
Thiruvallur,Tamil Nadu
Viluppuram,Tamil Nadu
Guntur,Andhra Pradesh
Dakshina Kannada,Karnataka
Rajnandgaon,Chhattisgarh
Central Delhi,Delhi
East Delhi,Delhi
North Delhi,Delhi
North Delhi,Delhi
Patna,Bihar
Rajkot,Gujarat
Surat,Gujarat
Surendranagar,Gujarat
Rajkot,Gujarat
Surat,Gujarat
Surat,Gujarat
Surat,Gujarat
Surat,Gujarat
Navsari,Gujarat
Thiruvananthapuram,Kerala
Chennai,Tamil Nadu
Pune,Maharashtra
Pune,Maharashtra
Imphal East,Manipur
Hyderabad,Andhra Pradesh
Jaipur,Rajasthan
Indore,Madhya Pradesh
Mandsaur,Madhya Pradesh
Kolkata,West Bengal
Mumbai Suburban,Maharashtra
Bikaner,Rajasthan
Lucknow,Uttar Pradesh
South Delhi,Delhi
Hyderabad,Andhra Pradesh
Bangalore Urban,Karnataka
Kushinagar,Uttar Pradesh
Mumbai Suburban,Maharashtra
Amreli,Gujarat
Mumbai Suburban,Maharashtra
West Delhi,Delhi
Ahmedabad,Gujarat
Ahmedabad,Gujarat
East Champaran,Bihar
Kanpur Nagar,Uttar Pradesh
Kanpur Nagar,Uttar Pradesh
Mumbai City,Maharashtra
Chennai,Tamil Nadu
Ahmedabad,Gujarat
Mumbai City,Maharashtra
Mumbai City,Maharashtra
Mumbai Suburban,Maharashtra
Mumbai Suburban,Maharashtra
Mumbai Suburban,Maharashtra
Mumbai City,Maharashtra
Bangalore Urban,Karnataka
Mumbai City,Maharashtra
Kolkata,West Bengal
Mumbai Suburban,Maharashtra
Bangalore Urban,Karnataka
Hyderabad,Andhra Pradesh
Mumbai Suburban,Maharashtra
Mumbai Suburban,Maharashtra
Mumbai City,Maharashtra
Mumbai Suburban,Maharashtra
Nagpur,Maharashtra
South Delhi,Delhi
Nagpur,Maharashtra
Mumbai City,Maharashtra
Thane,Maharashtra
Nagpur,Maharashtra
Krishna,Andhra Pradesh
Bangalore Urban,Karnataka
Mumbai Suburban,Maharashtra
Bangalore Urban,Karnataka
Bangalore Urban,Karnataka
Mumbai Suburban,Maharashtra
Mumbai City,Maharashtra
Ahmedabad,Gujarat
Mumbai Suburban,Maharashtra
Mumbai Suburban,Maharashtra
Mumbai Suburban,Maharashtra
Mumbai City,Maharashtra
Nashik,Maharashtra
Purulia,West Bengal
Faizabad,Uttar Pradesh
Dhule,Maharashtra
Thanjavur,Tamil Nadu
Prakasam,Andhra Pradesh
Srinagar,Jammu and Kashmir
Panch Mahals,Gujarat
Panch Mahals,Gujarat
Belgaum,Karnataka
Surat,Gujarat
Chennai,Tamil Nadu
Bangalore Urban,Karnataka
Thane,Maharashtra
Bangalore Urban,Karnataka
Kachchh,Gujarat
Kachchh,Gujarat
Anantapur,Andhra Pradesh
Nainital,Uttarakhand
Ernakulam,Kerala
Nagpur,Maharashtra
Mumbai Suburban,Maharashtra
Faridabad,Haryana
Gautam Buddha Nagar,Uttar Pradesh
Barmer,Rajasthan
Sagar,Madhya Pradesh
Jhalawar,Rajasthan
Jhalawar,Rajasthan
Dakshina Kannada,Karnataka
Vellore,Tamil Nadu
Pashchim Singhbhum,Jharkhand
Kendujhar (Keonjhar),Orissa
Kendujhar (Keonjhar),Orissa
Sawai Madhopur,Rajasthan
Kendujhar (Keonjhar),Orissa
Kendujhar (Keonjhar),Orissa
Kendujhar (Keonjhar),Orissa
Madurai,Tamil Nadu
Bardhaman,West Bengal
North 24 Parganas,West Bengal
Kendujhar (Keonjhar),Orissa
Vellore,Tamil Nadu
Jalandhar,Punjab
Cooch Behar,West Bengal
Bardhaman,West Bengal
Bardhaman,West Bengal
Aligarh,Uttar Pradesh
Surat,Gujarat
West Delhi,Delhi
Gautam Buddha Nagar,Uttar Pradesh
Amreli,Gujarat
West Delhi,Delhi
Tumkur,Karnataka
Thane,Maharashtra
Hyderabad,Andhra Pradesh
Thiruvananthapuram,Kerala
Pashchim Singhbhum,Jharkhand
Sri Ganganagar,Rajasthan
Sri Ganganagar,Rajasthan
Akola,Maharashtra
Akola,Maharashtra
Patna,Bihar
Panch Mahals,Gujarat
Jalor,Rajasthan
Azamgarh,Uttar Pradesh
Jalor,Rajasthan
West Midnapore,West Bengal
Mandya,Karnataka
Bangalore Urban,Karnataka
North Delhi,Delhi
Mumbai Suburban,Maharashtra
Thane,Maharashtra
Birbhum,West Bengal
Puri,Orissa
Nagpur,Maharashtra
Bhiwani,Haryana
Purba Singhbhum,Jharkhand
Bhiwani,Haryana
Alappuzha,Kerala
Alappuzha,Kerala
Ernakulam,Kerala
Kannur,Kerala
Pathanamthitta,Kerala
NA,NA
Kannur,Kerala
Kozhikode,Kerala
Bangalore Urban,Karnataka
Ahmedabad,Gujarat
Hyderabad,Andhra Pradesh
Bharuch,Gujarat
Bathinda,Punjab
Madurai,Tamil Nadu
Sambalpur,Orissa
Vishakhapatnam,Andhra Pradesh
Central Delhi,Delhi
Mumbai City,Maharashtra
Nashik,Maharashtra
Raigad,Maharashtra
Kollam,Kerala
Nalgonda,Andhra Pradesh
Kanpur Nagar,Uttar Pradesh
Munger,Bihar
Ernakulam,Kerala
Jamnagar,Gujarat
Jamnagar,Gujarat
Hyderabad,Andhra Pradesh
Surat,Gujarat
Srikakulam,Andhra Pradesh
Surendranagar,Gujarat
Mandla,Madhya Pradesh
Bangalore Urban,Karnataka
Ludhiana,Punjab
Hooghly,West Bengal
Kanpur Nagar,Uttar Pradesh
Lucknow,Uttar Pradesh
Chhindwara,Madhya Pradesh
Thrissur,Kerala
Thiruvananthapuram,Kerala
Thrissur,Kerala
Thrissur,Kerala
Thrissur,Kerala
Thiruvananthapuram,Kerala
Thrissur,Kerala
Chennai,Tamil Nadu
Thrissur,Kerala
Thrissur,Kerala
Sivaganga,Tamil Nadu
Vellore,Tamil Nadu
Tiruchirapalli,Tamil Nadu
South Tripura,Tripura
Bikaner,Rajasthan
Faridabad,Haryana
Meerut,Uttar Pradesh
Meerut,Uttar Pradesh
Kottayam,Kerala
Indore,Madhya Pradesh
Nashik,Maharashtra
Surendranagar,Gujarat
Vellore,Tamil Nadu
Chandigarh,Chandigarh
Jammu,Jammu and Kashmir
Kozhikode,Kerala
Mumbai Suburban,Maharashtra
Kurnool,Andhra Pradesh
Chitradurga,Karnataka
Lucknow,Uttar Pradesh
Jalpaiguri,West Bengal
Bhopal,Madhya Pradesh
West Tripura,Tripura
Lucknow,Uttar Pradesh
Valsad,Gujarat
Alwar,Rajasthan
Bangalore Urban,Karnataka
Bhavnagar,Gujarat
Bangalore Urban,Karnataka
Bangalore Urban,Karnataka
Bangalore Urban,Karnataka
Rajkot,Gujarat
Surat,Gujarat
Kachchh,Gujarat
Surendranagar,Gujarat
Rajkot,Gujarat
Indore,Madhya Pradesh
Ahmedabad,Gujarat
Ahmedabad,Gujarat
Ahmedabad,Gujarat
Vadodara,Gujarat
Ahmedabad,Gujarat
Ahmedabad,Gujarat
Banas Kantha,Gujarat
Ahmedabad,Gujarat
Ahmedabad,Gujarat
Kheda,Gujarat
Banas Kantha,Gujarat
Ahmedabad,Gujarat
Patna,Bihar
Ahmedabad,Gujarat
Ahmedabad,Gujarat
Banas Kantha,Gujarat
Kurnool,Andhra Pradesh
Hyderabad,Andhra Pradesh
Hyderabad,Andhra Pradesh
Hyderabad,Andhra Pradesh
Hyderabad,Andhra Pradesh
Hyderabad,Andhra Pradesh
Hyderabad,Andhra Pradesh
Hyderabad,Andhra Pradesh
Lucknow,Uttar Pradesh
Lucknow,Uttar Pradesh
Gonda,Uttar Pradesh
Vadodara,Gujarat
Vadodara,Gujarat
Vadodara,Gujarat
Vadodara,Gujarat
Bikaner,Rajasthan
Pune,Maharashtra
Pune,Maharashtra
Chennai,Tamil Nadu
Chennai,Tamil Nadu
Thiruvallur,Tamil Nadu
Viluppuram,Tamil Nadu
Mumbai Suburban,Maharashtra
Mumbai Suburban,Maharashtra
Mumbai Suburban,Maharashtra
Mumbai City,Maharashtra
Mumbai Suburban,Maharashtra
Thane,Maharashtra
Mumbai City,Maharashtra
Thane,Maharashtra
Mumbai City,Maharashtra
Mumbai Suburban,Maharashtra
Mumbai Suburban,Maharashtra
Mumbai City,Maharashtra
East Delhi,Delhi
Central Delhi,Delhi
South Delhi,Delhi
North Delhi,Delhi
North Delhi,Delhi
Surat,Gujarat
Surat,Gujarat
Surat,Gujarat
Surat,Gujarat
Kanpur Nagar,Uttar Pradesh
Kanpur Nagar,Uttar Pradesh
Kanpur Nagar,Uttar Pradesh
Patna,Bihar
Patna,Bihar
Dakshina Kannada,Karnataka
Virudhunagar,Tamil Nadu
Thiruvananthapuram,Kerala
Chennai,Tamil Nadu
Bangalore Urban,Karnataka
Bangalore Urban,Karnataka
Dakshina Kannada,Karnataka
Bangalore Urban,Karnataka
Durg,Chhattisgarh
Rajnandgaon,Chhattisgarh
Kheda,Gujarat
Ahmedabad,Gujarat
Hyderabad,Andhra Pradesh
Lakhisarai,Bihar
Hyderabad,Andhra Pradesh
Guntur,Andhra Pradesh
East Godavari,Andhra Pradesh
Bangalore Urban,Karnataka
Kota,Rajasthan
Guntur,Andhra Pradesh
Mumbai Suburban,Maharashtra
Thane,Maharashtra
Mumbai Suburban,Maharashtra
Gorakhpur,Uttar Pradesh
Kozhikode,Kerala
Hyderabad,Andhra Pradesh
Warangal,Andhra Pradesh
Jaipur,Rajasthan
Indore,Madhya Pradesh
Mandsaur,Madhya Pradesh
Kolkata,West Bengal
Mumbai Suburban,Maharashtra
Lucknow,Uttar Pradesh
Mumbai Suburban,Maharashtra
Bangalore Urban,Karnataka
Hyderabad,Andhra Pradesh
Kushinagar,Uttar Pradesh
Mumbai Suburban,Maharashtra
West Delhi,Delhi
Mumbai Suburban,Maharashtra
Amreli,Gujarat
Mumbai Suburban,Maharashtra
Ahmedabad,Gujarat
Kanpur Nagar,Uttar Pradesh
Bangalore Urban,Karnataka
Kanpur Nagar,Uttar Pradesh
Mumbai City,Maharashtra
Chennai,Tamil Nadu
Ahmedabad,Gujarat
Mumbai City,Maharashtra
Mumbai City,Maharashtra
Mumbai Suburban,Maharashtra
Mumbai City,Maharashtra
Mumbai Suburban,Maharashtra
Mumbai Suburban,Maharashtra
Bangalore Urban,Karnataka
Mumbai City,Maharashtra
Bangalore Urban,Karnataka
Mumbai Suburban,Maharashtra
Kolkata,West Bengal
Hyderabad,Andhra Pradesh
Mumbai Suburban,Maharashtra
Mumbai Suburban,Maharashtra
Mumbai City,Maharashtra
Nagpur,Maharashtra
Nagpur,Maharashtra
Nagpur,Maharashtra
South Delhi,Delhi
Mumbai Suburban,Maharashtra
Mumbai City,Maharashtra
Krishna,Andhra Pradesh
Mumbai Suburban,Maharashtra
Bangalore Urban,Karnataka
Bangalore Urban,Karnataka
Bangalore Urban,Karnataka
Mumbai Suburban,Maharashtra
Ahmedabad,Gujarat
Mumbai City,Maharashtra
Mumbai Suburban,Maharashtra
Mumbai Suburban,Maharashtra
Mumbai Suburban,Maharashtra
Mumbai City,Maharashtra
Mumbai City,Maharashtra
Bangalore Urban,Karnataka
Bangalore Urban,Karnataka
North Delhi,Delhi
North Delhi,Delhi
Central Delhi,Delhi
Ghaziabad,Uttar Pradesh
Agra,Uttar Pradesh
Bangalore Urban,Karnataka
Birbhum,West Bengal
Puri,Orissa
Bangalore Urban,Karnataka
Purba Singhbhum,Jharkhand
Bijapur,Karnataka
Alappuzha,Kerala
Bangalore Urban,Karnataka
Pathanamthitta,Kerala
Kannur,Kerala
Kozhikode,Kerala
Ahmedabad,Gujarat
Mumbai Suburban,Maharashtra
Mumbai Suburban,Maharashtra
Hyderabad,Andhra Pradesh
Hyderabad,Andhra Pradesh
Salem,Tamil Nadu
Ahmedabad,Gujarat
Bharuch,Gujarat
Lucknow,Uttar Pradesh
Prakasam,Andhra Pradesh
Kannur,Kerala
Vishakhapatnam,Andhra Pradesh
Durg,Chhattisgarh
Central Delhi,Delhi
West Champaran,Bihar
Valsad,Gujarat
Nashik,Maharashtra
Thane,Maharashtra
Nashik,Maharashtra
Kollam,Kerala
Mumbai Suburban,Maharashtra
Indore,Madhya Pradesh
East Delhi,Delhi
Vellore,Tamil Nadu
Ranchi,Jharkhand
Dakshina Kannada,Karnataka
Allahabad,Uttar Pradesh
Jamnagar,Gujarat
Kachchh,Gujarat
Bhavnagar,Gujarat
Surendranagar,Gujarat
Mumbai City,Maharashtra
Bangalore Urban,Karnataka
Ludhiana,Punjab
Mumbai Suburban,Maharashtra
Bardhaman,West Bengal
Muzaffarnagar,Uttar Pradesh
Thanjavur,Tamil Nadu
Thanjavur,Tamil Nadu
Yavatmal,Maharashtra
Allahabad,Uttar Pradesh
Patna,Bihar
Bangalore Urban,Karnataka
Ahmedabad,Gujarat
Allahabad,Uttar Pradesh
Allahabad,Uttar Pradesh
Thiruvananthapuram,Kerala
Thrissur,Kerala
Thrissur,Kerala
Thiruvananthapuram,Kerala
Thrissur,Kerala
Madurai,Tamil Nadu
Thrissur,Kerala
Virudhunagar,Tamil Nadu
Thrissur,Kerala
Thiruvallur,Tamil Nadu
Sivaganga,Tamil Nadu
Vellore,Tamil Nadu
Ahmedabad,Gujarat
Madurai,Tamil Nadu
Bikaner,Rajasthan
Bhojpur,Bihar
Tirunelveli,Tamil Nadu
Meerut,Uttar Pradesh
Pathanamthitta,Kerala
Pathanamthitta,Kerala
Meerut,Uttar Pradesh
Kottayam,Kerala
West Godavari,Andhra Pradesh
Indore,Madhya Pradesh
Indore,Madhya Pradesh
Nashik,Maharashtra
Dharwad,Karnataka
Surendranagar,Gujarat
Nagaur,Rajasthan
Chennai,Tamil Nadu
West Midnapore,West Bengal
Chandigarh,Chandigarh
East Godavari,Andhra Pradesh
Kolkata,West Bengal
Nadia,West Bengal
Jalpaiguri,West Bengal
Begusarai,Bihar
Gurgaon,Haryana
Rajnandgaon,Chhattisgarh
Rajnandgaon,Chhattisgarh
Rajnandgaon,Chhattisgarh
Yavatmal,Maharashtra
North Delhi,Delhi
Gorakhpur,Uttar Pradesh
Durg,Chhattisgarh
Purulia,West Bengal
Dakshina Kannada,Karnataka
Nagpur,Maharashtra
Jhalawar,Rajasthan
Faizabad,Uttar Pradesh
Indore,Madhya Pradesh
Indore,Madhya Pradesh
Indore,Madhya Pradesh
Indore,Madhya Pradesh
Prakasam,Andhra Pradesh
Banswara,Rajasthan
Srinagar,Jammu and Kashmir
Bhavnagar,Gujarat
Durg,Chhattisgarh
Valsad,Gujarat
Belgaum,Karnataka
Khammam,Andhra Pradesh
Etawah,Uttar Pradesh
Chennai,Tamil Nadu
Jamnagar,Gujarat
Baleswar (Balasore),Orissa
Bardhaman,West Bengal
Cooch Behar,West Bengal
Jhalawar,Rajasthan
Anantapur,Andhra Pradesh
Gonda,Uttar Pradesh
Mumbai Suburban,Maharashtra
Nashik,Maharashtra
Akola,Maharashtra
Mumbai Suburban,Maharashtra
Ahmednagar,Maharashtra
Ambala,Haryana
Guntur,Andhra Pradesh
Dhanbad,Jharkhand
East Delhi,Delhi
Jaisalmer,Rajasthan
Mirzapur,Uttar Pradesh
Vadodara,Gujarat
Chandigarh,Chandigarh
Kachchh,Gujarat
Kachchh,Gujarat
Mumbai Suburban,Maharashtra
Jaipur,Rajasthan
Kota,Rajasthan
Hyderabad,Andhra Pradesh
Mahesana,Gujarat
Dharwad,Karnataka
Amreli,Gujarat
Ahmedabad,Gujarat
Surat,Gujarat
Ahmedabad,Gujarat
Ahmedabad,Gujarat
Sagar,Madhya Pradesh
Junagadh,Gujarat
Ahmedabad,Gujarat
Jhalawar,Rajasthan
Vellore,Tamil Nadu
Sabar Kantha,Gujarat
Bareilly,Uttar Pradesh
North 24 Parganas,West Bengal
Kendujhar (Keonjhar),Orissa
Kurnool,Andhra Pradesh
Hyderabad,Andhra Pradesh
Bardhaman,West Bengal
West Delhi,Delhi
Alappuzha,Kerala
Hyderabad,Andhra Pradesh
Pashchim Singhbhum,Jharkhand
Hyderabad,Andhra Pradesh
Ahmednagar,Maharashtra
Surat,Gujarat
Akola,Maharashtra
Dahod,Gujarat
Bareilly,Uttar Pradesh
Azamgarh,Uttar Pradesh
Akola,Maharashtra
Bangalore Urban,Karnataka
Bhavnagar,Gujarat
Bangalore Urban,Karnataka
Bangalore Urban,Karnataka
Bangalore Urban,Karnataka
Rajkot,Gujarat
Surat,Gujarat
Surendranagar,Gujarat
Rajkot,Gujarat
Ahmedabad,Gujarat
Ahmedabad,Gujarat
Ahmedabad,Gujarat
Vadodara,Gujarat
Ahmedabad,Gujarat
Ahmedabad,Gujarat
Banas Kantha,Gujarat
Ahmedabad,Gujarat
Ahmedabad,Gujarat
Kheda,Gujarat
Banas Kantha,Gujarat
Patna,Bihar
Ahmedabad,Gujarat
Ahmedabad,Gujarat
Banas Kantha,Gujarat
Banas Kantha,Gujarat
Kurnool,Andhra Pradesh
Hyderabad,Andhra Pradesh
Hyderabad,Andhra Pradesh
Hyderabad,Andhra Pradesh
Hyderabad,Andhra Pradesh
Hyderabad,Andhra Pradesh
Hyderabad,Andhra Pradesh
Hyderabad,Andhra Pradesh
Hyderabad,Andhra Pradesh
Hyderabad,Andhra Pradesh
Lucknow,Uttar Pradesh
Lucknow,Uttar Pradesh
Gonda,Uttar Pradesh
Vadodara,Gujarat
Vadodara,Gujarat
Vadodara,Gujarat
Vadodara,Gujarat
Pune,Maharashtra
Pune,Maharashtra
Chennai,Tamil Nadu
Chennai,Tamil Nadu
Chennai,Tamil Nadu
Thiruvallur,Tamil Nadu
Viluppuram,Tamil Nadu
Mumbai Suburban,Maharashtra
Mumbai Suburban,Maharashtra
Mumbai Suburban,Maharashtra
Mumbai City,Maharashtra
Mumbai Suburban,Maharashtra
Thane,Maharashtra
Mumbai City,Maharashtra
Mumbai City,Maharashtra
Mumbai Suburban,Maharashtra
Mumbai Suburban,Maharashtra
Mumbai City,Maharashtra
East Delhi,Delhi
Central Delhi,Delhi
East Delhi,Delhi
North Delhi,Delhi
North Delhi,Delhi
Surat,Gujarat
Surat,Gujarat
Surat,Gujarat
Surat,Gujarat
Kanpur Nagar,Uttar Pradesh
Kanpur Nagar,Uttar Pradesh
Patna,Bihar
Patna,Bihar
Imphal East,Manipur
Dakshina Kannada,Karnataka
Ludhiana,Punjab
Thiruvananthapuram,Kerala
Chennai,Tamil Nadu
Bangalore Urban,Karnataka
Bangalore Urban,Karnataka
Dakshina Kannada,Karnataka
Bangalore Urban,Karnataka
Durg,Chhattisgarh
Rajnandgaon,Chhattisgarh
Kheda,Gujarat
Ahmedabad,Gujarat
Hyderabad,Andhra Pradesh
Guntur,Andhra Pradesh
Warangal,Andhra Pradesh
Bangalore Urban,Karnataka
Kota,Rajasthan
Ajmer,Rajasthan
Sawai Madhopur,Rajasthan
Solapur,Maharashtra
Guntur,Andhra Pradesh
Prakasam,Andhra Pradesh
Ahmednagar,Maharashtra
Mumbai Suburban,Maharashtra
Mumbai Suburban,Maharashtra
Thane,Maharashtra
Mumbai Suburban,Maharashtra
West Delhi,Delhi
Navsari,Gujarat
Allahabad,Uttar Pradesh
Gorakhpur,Uttar Pradesh
Kozhikode,Kerala
Hyderabad,Andhra Pradesh
Warangal,Andhra Pradesh
Jaipur,Rajasthan
Indore,Madhya Pradesh
Mandsaur,Madhya Pradesh
Kolkata,West Bengal
Mumbai Suburban,Maharashtra
Lucknow,Uttar Pradesh
Bikaner,Rajasthan
Mumbai Suburban,Maharashtra
Bangalore Urban,Karnataka
Hyderabad,Andhra Pradesh
Kushinagar,Uttar Pradesh
Mumbai Suburban,Maharashtra
Mumbai Suburban,Maharashtra
West Delhi,Delhi
Mumbai Suburban,Maharashtra
Amreli,Gujarat
Mumbai Suburban,Maharashtra
Ahmedabad,Gujarat
Kanpur Nagar,Uttar Pradesh
Kanpur Nagar,Uttar Pradesh
Mumbai City,Maharashtra
Chennai,Tamil Nadu
Ahmedabad,Gujarat
Mumbai City,Maharashtra
Mumbai City,Maharashtra
Mumbai Suburban,Maharashtra
Mumbai City,Maharashtra
Mumbai Suburban,Maharashtra
Mumbai Suburban,Maharashtra
Bangalore Urban,Karnataka
Mumbai City,Maharashtra
Bangalore Urban,Karnataka
Mumbai Suburban,Maharashtra
Kolkata,West Bengal
Hyderabad,Andhra Pradesh
Mumbai Suburban,Maharashtra
Mumbai Suburban,Maharashtra
Mumbai City,Maharashtra
Nagpur,Maharashtra
Nagpur,Maharashtra
Nagpur,Maharashtra
South Delhi,Delhi
Mumbai Suburban,Maharashtra
Mumbai City,Maharashtra
Krishna,Andhra Pradesh
Mumbai Suburban,Maharashtra
Bangalore Urban,Karnataka
Bangalore Urban,Karnataka
Bangalore Urban,Karnataka
Mumbai Suburban,Maharashtra
Ahmedabad,Gujarat
Mumbai City,Maharashtra
Mumbai Suburban,Maharashtra
Mumbai Suburban,Maharashtra
Mumbai Suburban,Maharashtra
Mumbai City,Maharashtra
Mumbai City,Maharashtra
Jamnagar,Gujarat
Bangalore Urban,Karnataka
Bangalore Urban,Karnataka
Chitradurga,Karnataka
Birbhum,West Bengal
Puri,Orissa
Kendujhar (Keonjhar),Orissa
Purba Singhbhum,Jharkhand
Faridabad,Haryana
Pathanamthitta,Kerala
Kozhikode,Kerala
Kozhikode,Kerala
Kozhikode,Kerala
Kozhikode,Kerala
Kolkata,West Bengal
Ahmedabad,Gujarat
Salem,Tamil Nadu
Bathinda,Punjab
Prakasam,Andhra Pradesh
Prakasam,Andhra Pradesh
Kannur,Kerala
West Midnapore,West Bengal
Vishakhapatnam,Andhra Pradesh
Bhavnagar,Gujarat
Central Delhi,Delhi
Thane,Maharashtra
West Champaran,Bihar
Nashik,Maharashtra
Nashik,Maharashtra
Kollam,Kerala
Mumbai Suburban,Maharashtra
Indore,Madhya Pradesh
East Delhi,Delhi
Hyderabad,Andhra Pradesh
Vellore,Tamil Nadu
Jodhpur,Rajasthan
Ranchi,Jharkhand
Allahabad,Uttar Pradesh
Muzaffarnagar,Uttar Pradesh
Bhavnagar,Gujarat
Hyderabad,Andhra Pradesh
Kachchh,Gujarat
Chennai,Tamil Nadu
Mumbai City,Maharashtra
South Delhi,Delhi
Ludhiana,Punjab
North Delhi,Delhi
Muzaffarnagar,Uttar Pradesh
Hooghly,West Bengal
Mahesana,Gujarat
Durg,Chhattisgarh
Patna,Bihar
Mumbai Suburban,Maharashtra
Ahmedabad,Gujarat
Thiruvananthapuram,Kerala
Thiruvananthapuram,Kerala
Thrissur,Kerala
Thrissur,Kerala
Sivaganga,Tamil Nadu
Vellore,Tamil Nadu
Bikaner,Rajasthan
Bhojpur,Bihar
Tirunelveli,Tamil Nadu
Meerut,Uttar Pradesh
Pathanamthitta,Kerala
Pathanamthitta,Kerala
Bilaspur,Himachal Pradesh
Kottayam,Kerala
Coimbatore,Tamil Nadu
Indore,Madhya Pradesh
Indore,Madhya Pradesh
Indore,Madhya Pradesh
Nashik,Maharashtra
Surendranagar,Gujarat
West Midnapore,West Bengal
Chandigarh,Chandigarh
Vellore,Tamil Nadu
Kolkata,West Bengal
Jalpaiguri,West Bengal
Gurgaon,Haryana
Rajnandgaon,Chhattisgarh
Rajnandgaon,Chhattisgarh
Rajnandgaon,Chhattisgarh
Yavatmal,Maharashtra
North Delhi,Delhi
Nashik,Maharashtra
Gorakhpur,Uttar Pradesh
Durg,Chhattisgarh
Purulia,West Bengal
Dakshina Kannada,Karnataka
Jhalawar,Rajasthan
Faizabad,Uttar Pradesh
Indore,Madhya Pradesh
Prakasam,Andhra Pradesh
South 24 Parganas,West Bengal
Banswara,Rajasthan
Kota,Rajasthan
Valsad,Gujarat
Belgaum,Karnataka
Jalpaiguri,West Bengal
Rewa,Madhya Pradesh
Etawah,Uttar Pradesh
Chennai,Tamil Nadu
Baleswar (Balasore),Orissa
Khandwa,Madhya Pradesh
Cooch Behar,West Bengal
Jhalawar,Rajasthan
Anantapur,Andhra Pradesh
Gonda,Uttar Pradesh
Nashik,Maharashtra
Mumbai Suburban,Maharashtra
Ahmednagar,Maharashtra
Ernakulam,Kerala
Kota,Rajasthan
Mumbai Suburban,Maharashtra
Guntur,Andhra Pradesh
Bangalore Urban,Karnataka
Solapur,Maharashtra
Solapur,Maharashtra
Dhanbad,Jharkhand
East Delhi,Delhi
Jaisalmer,Rajasthan
Surendranagar,Gujarat
Gandhinagar,Gujarat
Vadodara,Gujarat
Kachchh,Gujarat
Jaipur,Rajasthan
Mumbai Suburban,Maharashtra
Kota,Rajasthan
Mahesana,Gujarat
Hyderabad,Andhra Pradesh
Mahesana,Gujarat
Amreli,Gujarat
Kachchh,Gujarat
Surat,Gujarat
Rajkot,Gujarat
Jaipur,Rajasthan
Gandhinagar,Gujarat
Sagar,Madhya Pradesh
Jhalawar,Rajasthan
Vellore,Tamil Nadu
North 24 Parganas,West Bengal
Bardhaman,West Bengal
Bilaspur,Himachal Pradesh
West Delhi,Delhi
Alappuzha,Kerala
Bhojpur,Bihar
Kollam,Kerala
Pashchim Singhbhum,Jharkhand
Surat,Gujarat
Dahod,Gujarat
Bareilly,Uttar Pradesh
Bangalore Urban,Karnataka
Bhavnagar,Gujarat
Bangalore Urban,Karnataka
Bangalore Urban,Karnataka
Bangalore Urban,Karnataka
Rajkot,Gujarat
Surat,Gujarat
Surendranagar,Gujarat
Kachchh,Gujarat
Rajkot,Gujarat
Indore,Madhya Pradesh
Ahmedabad,Gujarat
Ahmedabad,Gujarat
Ahmedabad,Gujarat
Vadodara,Gujarat
Ahmedabad,Gujarat
Ahmedabad,Gujarat
Banas Kantha,Gujarat
Ahmedabad,Gujarat
Ahmedabad,Gujarat
Kheda,Gujarat
Banas Kantha,Gujarat
Patna,Bihar
Ahmedabad,Gujarat
Ahmedabad,Gujarat
Banas Kantha,Gujarat
Banas Kantha,Gujarat
Kurnool,Andhra Pradesh
Hyderabad,Andhra Pradesh
Hyderabad,Andhra Pradesh
Hyderabad,Andhra Pradesh
Hyderabad,Andhra Pradesh
Hyderabad,Andhra Pradesh
Hyderabad,Andhra Pradesh
Hyderabad,Andhra Pradesh
Lucknow,Uttar Pradesh
Gonda,Uttar Pradesh
Vadodara,Gujarat
Vadodara,Gujarat
Vadodara,Gujarat
Vadodara,Gujarat
Bikaner,Rajasthan
Pune,Maharashtra
Pune,Maharashtra
Pune,Maharashtra
Pune,Maharashtra
Chennai,Tamil Nadu
Chennai,Tamil Nadu
Chennai,Tamil Nadu
Thiruvallur,Tamil Nadu
Viluppuram,Tamil Nadu
Mumbai Suburban,Maharashtra
Mumbai City,Maharashtra
Thane,Maharashtra
Thane,Maharashtra
Mumbai City,Maharashtra
Thane,Maharashtra
Mumbai City,Maharashtra
Mumbai Suburban,Maharashtra
Mumbai City,Maharashtra
Mumbai Suburban,Maharashtra
Pathanamthitta,Kerala
East Delhi,Delhi
Central Delhi,Delhi
East Delhi,Delhi
North Delhi,Delhi
North Delhi,Delhi
Surat,Gujarat
Surat,Gujarat
Surat,Gujarat
Surat,Gujarat
Surat,Gujarat
Kanpur Nagar,Uttar Pradesh
Patna,Bihar
Dakshina Kannada,Karnataka
Hyderabad,Andhra Pradesh
Ludhiana,Punjab
Thiruvananthapuram,Kerala
Chennai,Tamil Nadu
Bangalore Urban,Karnataka
Bangalore Urban,Karnataka
Bangalore Urban,Karnataka
Dakshina Kannada,Karnataka
Bangalore Urban,Karnataka
Durg,Chhattisgarh
Rajnandgaon,Chhattisgarh
Nagpur,Maharashtra
Ahmedabad,Gujarat
Hyderabad,Andhra Pradesh
Guntur,Andhra Pradesh
East Godavari,Andhra Pradesh
Warangal,Andhra Pradesh
Bangalore Urban,Karnataka
Kota,Rajasthan
Guntur,Andhra Pradesh
Mumbai Suburban,Maharashtra
Mumbai Suburban,Maharashtra
Mumbai Suburban,Maharashtra
Thane,Maharashtra
Mumbai Suburban,Maharashtra
West Delhi,Delhi
Sirsa,Haryana
Navsari,Gujarat
Kozhikode,Kerala
Hyderabad,Andhra Pradesh
Warangal,Andhra Pradesh
Jaipur,Rajasthan
Indore,Madhya Pradesh
Mandsaur,Madhya Pradesh
Kolkata,West Bengal
Mumbai Suburban,Maharashtra
Lucknow,Uttar Pradesh
Bikaner,Rajasthan
Mumbai Suburban,Maharashtra
Bangalore Urban,Karnataka
Hyderabad,Andhra Pradesh
Kushinagar,Uttar Pradesh
Mumbai Suburban,Maharashtra
Thane,Maharashtra
West Delhi,Delhi
Mumbai Suburban,Maharashtra
Amreli,Gujarat
Mumbai Suburban,Maharashtra
Ahmedabad,Gujarat
Ahmedabad,Gujarat
Kanpur Nagar,Uttar Pradesh
Mumbai City,Maharashtra
Chennai,Tamil Nadu
Ahmedabad,Gujarat
Mumbai City,Maharashtra
Mumbai City,Maharashtra
Mumbai Suburban,Maharashtra
Mumbai City,Maharashtra
Mumbai Suburban,Maharashtra
Mumbai Suburban,Maharashtra
Thane,Maharashtra
Bangalore Urban,Karnataka
Mumbai City,Maharashtra
Bangalore Urban,Karnataka
Mumbai Suburban,Maharashtra
Kolkata,West Bengal
Hyderabad,Andhra Pradesh
Mumbai Suburban,Maharashtra
Mumbai Suburban,Maharashtra
Mumbai City,Maharashtra
Nagpur,Maharashtra
Nagpur,Maharashtra
Nagpur,Maharashtra
South Delhi,Delhi
Mumbai Suburban,Maharashtra
Mumbai City,Maharashtra
Krishna,Andhra Pradesh
Mumbai Suburban,Maharashtra
Bangalore Urban,Karnataka
Bangalore Urban,Karnataka
Bangalore Urban,Karnataka
Mumbai Suburban,Maharashtra
Ahmedabad,Gujarat
Mumbai City,Maharashtra
Mumbai Suburban,Maharashtra
Mumbai Suburban,Maharashtra
Mumbai Suburban,Maharashtra
Mumbai City,Maharashtra
Valsad,Gujarat
Mumbai City,Maharashtra
Bangalore Urban,Karnataka
North Delhi,Delhi
North Delhi,Delhi
Raipur,Chhattisgarh
Birbhum,West Bengal
Nellore,Andhra Pradesh
NA,NA
Pathanamthitta,Kerala
Kannur,Kerala
Kasaragod,Kerala
Pathanamthitta,Kerala
,
,
,
,
,
,
,
,
,
,
,
,
,
,
,
,
,
,
,
,
,
,
,
,
,
,
,
,
,
,
,
,
,
,
,
,
,
,
,
,
,
,
,
,
,
,
,
,
,
,
,
,
,
,
,
,
,
,
,
,
,
,
,
,
,
,
,
,
,
,
,
,
,
,
,
,
,
,
,
,
,
,
,
,
,
,
,
,
,
,
,
,
,
,
,
,
,
,
,
,
,
,
,
,
,
,
,
,
,
,
,
,
,
,
,
,
,
,
,
,
,
,
,
,
,
,
,
,
,
,
,
,
,
,
,
