1610,Ram,1972-01-27,Mumbai,9879300000,718 Mechanic Street ,TC
73,Shyam,1972-02-13,Delhi,9879300001,986 Summer Street ,TC
7708,Sam,1972-05-14,Chennai,9879300002,199 Front Street,TC
5927,Rahul,1974-04-08,Jaipur,9879300003,496 Front Street,TC
932,Raj,1974-04-13,Guwahati,9879325404,123 Queen Street ,TC
491,Rohan,1975-12-15,Pune,9879344477,992 School Street ,TC
6315,Rose,1976-05-04,Ahmedabad,9879300006, University road,TC
3000,Mary,1976-11-03,Patna,9879300007,Babasaheb market road,TC
622,Thomas,1977-04-03,Tenali,9879300008,Palace Road,TC
792,Sohail,1978-12-22,Chandigarh,9879300009,G-6 circle,TC
8847,Salman,1979-03-03,Ahmedabad,9879300010,lake street,TC
9931,Heena,1983-09-12,Ahmedabad,9879300011,lake street,TC
6037,Dhruv,1984-02-04,Tenali,9879300012,Palace Road,TC
2242,Gopal,1985-01-25,Patna,9879300013,Nalanda circle,TC
4040,Jasprit,1985-01-29,Chandigarh,9879342040,G-6 circle,TC
2201,Jasmine,1986-07-06,Chennai,9879300015,IITM Road,TC
3508,Joy,1987-05-26,Pune,9879300016,Viman circle,TC
4152,Luv,1987-06-18,Amabala,9879332017,Brown Street,TC
918,Kush,1989-04-02,Mumbai,9879350018,Durham Court,TC
584,Kushan,1989-06-25,Mumbai,9879300019,Durham Court,TC
2409,Loy,1989-10-10,Mumbai,9879300020,Durham Court,TC
9891,Eshaan,1990-04-23,Delhi,9879300021,Rajpath Road,TC
424,Ishant,1994-05-05,Delhi,9879300022,Rajpath Road,TC
1120,Rohit,1995-03-29,Delhi,9879300023,Rajpath Road,TC
3600,Mohit,1995-10-30,Ahmedabad,9879300024,university Road,TC
7865,Sachin,1971-01-05,Gwalior,9879300025,870 Mill Street ,HA
1514,Max,1972-05-24,Gwalior,9879300026,403 College Avenue ,CC
310,Vivek,1972-07-09,Jaipur,9879300027,Lalbhawan Road,CC
730,Shantanu,1976-04-25,Jaipur,9879300028,Lalbhawan Road,CC
7968,Ramchandra,1976-12-12,Jaipur,9879300029,HawaMahal area,CC
1116,Ashwin,1978-07-20,Jaipur,9879300030,HawaMahal area,CC
8690,Ram,1978-11-29,Hyderabad,9879300031,City Central Market,CC
3012,Raj,1979-02-16,Rajkot,9879300032,White Street ,CC
4589,Mohan,1979-06-02,Rajkot,9879300033,White Street ,CC
7351,Matt,1979-06-19,Rajkot,9879300034,White Street ,CC
5338,Ian,1979-08-17,Rajkot,9879300035, King Street ,CC
2189,Billy,1981-07-04,Rajkot,9879300036,734 Brook Lane ,HA
5126,Irfan,1983-08-25,Hyderabad,9879300037,City Central Market,HA
1438,Abdul,1986-12-20,Hyderabad,9879300038,Charminar crossroad,HA
4394,Shadid,1987-08-27,Hyderabad,9879300039,Charminar crossroad,HA
9327,Kamlesh,1988-03-18,Ahmedabad,9879300040,university Road,HA
5560,Ramesh,1988-08-08,Ahmedabad,9879300041,university Road,HA
1759,Payal,1988-09-16,Ahmedabad,9879300042,lake street,HA
7648,Nirav,1988-12-02,Delhi,9879300043,Rajpath Road,HA
1432,Jay,1989-04-22,Delhi,9879300044,Rajpath Road,HA
2902,Hardik,1993-08-08,Ahmedabad,9879300045,university Road,HA
9548,Parminder,1993-09-04,Chandigarh,9879300046,G-3 circle,HA
854,Minty,1993-10-03,Chandigarh,9879300047,G-3 circle,HA
7229,Duke,1993-12-16,Chandigarh,9879300048,G-6 circle,HA
3070,Daniel,1994-08-29,Shimla,9879300049,584 Forest Street ,HA
8450,Rustom,1971-08-28,Shimla,9879300050,584 Forest Street ,ASM
3035,Sandy,1972-12-15,Shimla,9879300051,500 Forest Street ,ASM
6550,Candy,1973-04-04,Surat,9879300052,Bay Street ,ASM
8720,Kay,1973-10-22,Surat,9879300053,Bay Street ,ASM
7924,Kim,1974-02-21,Surat,9879300054,Damas Beach Road,ASM
8807,Darshan,1975-01-03,Delhi,9879300055,Rajpath Road,ASM
6595,Manav,1975-05-24,Delhi,9879300056,Agra Highway,ASM
5839,Manan,1975-10-19,Rajkot,9879300057,White Street ,ASM
6466,Dhaval,1978-01-24,Rajkot,9879300058,48 Surrey Lane ,ASM
6673,Ratnik,1979-10-25,Gwalior,9879300059,158 Railroad Avenue,TNC
7807,Khushboo,1980-10-20,Gwalior,9879300060,158 Railroad Avenue,TNC
4510,Sita,1980-12-02,Guwahati,9879300061,381 Riverside Drive ,TNC
7499,Geeta,1980-12-03,Guwahati,9879300062,434 Jackson Avenue ,TNC
1961,Saif,1982-09-21,Hyderabad,9879300063,Princeton Market,TNC
1187,Ravi,1983-11-12,Mumbai,9879300064,Airport road,TNC
5906,Paulo,1984-05-03,Mumbai,9879300065,Airport road,TNC
2045,Anuj,1984-05-10,Surat,9879300066,Damas Beach Road,TNC
1217,Ankita,1985-02-06,Mumbai,9879300067,Juhu Beach,TNC
5628,Deep,1985-08-27,Delhi,9879300068,Alfa Market,TNC
857,Keval,1991-06-19,Shimla,9879300069,Forest Lane,TC
2125,Rahi,1992-03-05,Chennai,9879300070,IITM Road,TC
6702,Rhea,1994-10-12,Chennai,9879300071,Viceroy railroad point,TC
9789,Kuldeep,1994-12-17,Chandigarh,9879300072,G-2 circle,TC
1185,Mahesh,1995-07-14,Patna,9879300073,Nalanda circle,TC
5319,Mohik,1995-11-23,Patna,9879300074,Patna main Market,TC
2793,Moharlal,1971-04-22,Patna,9879300075,Patna main Market,TC
4343,Ganpatlal,1973-08-03,Ahmedabad,9879300076,SG highway,TC
5057,Ganesh,1974-10-07,Patna,9879300077,Nalanda circle,TC
5277,Jignesh,1974-12-08,Ahmedabad,9879300078,SG highway,TC
791,Surya,1976-05-05,Mumbai,9879300079,Juhu Beach,TC
6025,Rajnikant,1977-02-06,Delhi,9879300080,Rajpath Road,TC
9080,Fenny,1977-02-16,Mumbai,9879300081,Napensea hill,TC
7333,Madona,1978-04-07,Delhi,9879300082,chandi chowk,TC
2229,Harry,1978-04-20,Mumbai,9879300083,Napensea hill,TC
8446,Hardik,1979-08-18,Ahmedabad,9879300084,university Road,TC
433,Samir,1979-10-05,Ahmedabad,9879300085,Hexa Mall Road,TC
268,Pie,1981-05-15,Pune,9879300086,454 Eagle Street ,TC
1616,Pinky,1982-09-05,Pune,9879300087,772 Cemetery Road ,TC
8927,Kushera,1985-10-03,Chennai,9879300088,IITM Road,TC
1015,Dushmanta,1985-11-17,Chennai,9879300089,Madras Market,TC
3399,Laxman,1988-12-05,Hyderabad,9879300090,Princeton Market,TC
2876,Dax,1988-12-10,Hyderabad,9879300091,433 Chestnut Avenue ,TC
4637,James,1989-10-07,Mumbai,9879300092,322 Jefferson Avenue ,TC
4130,Jones,1990-01-27,Ambala,9879300093,359 Cambridge Drive ,TC
2466,John,1990-01-31,Delhi,9879300094,335 Warren Avenue ,TC
8115,Austin,1990-11-26,Guwahati,9879300095,Airport road,TC
5377,Johnny,1990-12-09,Shimla,9879300096,Airport road,TC
3432,Tom,1993-07-19,Shimla,9879300097,Forest Lane,TC
1305,Rahul,1993-07-23,Mumbai,9879300098,Juhu Beach,TC
4287,Rakesh,1993-09-16,Delhi,9879300099,Agra Highway,TC
4839,Ratnesh,1979-07-07,Delhi,9879300100,Agra Highway,TC
2700,Mahi,1977-07-07,Rajkot,9879300101,919 Meadow Street ,TC
7602,Farah,1988-08-08,Rajkot,9879300102,Virpur Road,TC
5257,Paige,1988-09-08,Rajkot,9879300103,Virpur Road,TC
4904,Danny,1977-04-08,Ahmedabad,9879300104,Airport road,TC
1345,Jaysurya,1974-04-04,Ahmedabad,9879300105,Airport road,TC
4049,Mohan,1983-12-11,Delhi,9879300106,Airport road,TC
7399,Subhash,1988-05-05,Nashik,9879300107,538 Walnut Street,TC
6258,Sudhanshu,1988-05-05,Nashik,9879300108,725 Hamilton Road ,TC
9800,Ronit,1988-04-05,Nashik,9879300109,725 Hamilton Road ,TC
5275,Dimple,1988-02-14,Nashik,9879300110,538 Walnut Street,TC
9881,Nisarg,1973-03-15,Bengaluru,9879300111,IISC Road,TC
6271,Akbar,1974-04-15,Bengaluru,9879300112,IISC Road,TC
3564,Kumar,1979-03-19,Bengaluru,9879300113,Airport road,TC
8542,Preity,1971-08-28,Nashik,9879300114,725 Hamilton Road ,TC
9423,Ishani,1972-03-21,Bengaluru,9879300115,Infosys Street,TC
443,Shilpi,1974-01-23,Nashik,9879300116,221 Orange Street,TC
6016,Jacky,1974-10-02,Bengaluru,9879300117,Central Market ,TC
4187,Sam,1978-09-30,Bengaluru,9879300118,,TC
8421,Elliot,1978-11-03,Mumbai,9879300119,Dalal street,TC
8533,Willamson,1979-01-25,Mumbai,9879300120,Dalal street,TC
6916,Virat,1979-09-27,Mumbai,9879300121,Dalal street,TC
3487,Jordan,1981-05-26,Mumbai,9879300122,Napensea hill,TC
7946,Chris,1981-08-02,Chennai,9879300123,willwood Road,TC
863,Carlos,1981-10-16,Chennai,9879300124,willwood Road,TC
5087,Sammy,1981-12-22,Chandigarh,9879300125,Forest area-1,TC
7148,Arjun,1983-01-17,Rajkot,9879300126,White Street ,TC
8585,Parth,1983-05-21,Rajkot,9879300127,Race-court area,TC
3130,Het,1983-07-17,Ahmedabad,9879300128,Airport road,TC
6610,Falgun,1984-06-01,Ahmedabad,9879300129,Railway colony,TC
6974,Mann,1984-12-09,Ahmedabad,9879300130,Railway colony,TC
1024,Sweety,1985-05-16,Ahmedabad,9879300131,Railway colony,TC
4880,Shweta,1985-09-15,Rajkot,9879300132,Race-court area,TC
7248,Balaji,1986-04-07,Shimla,9879300133,Viceroy House street,TC
7113,Umesh,1988-03-30,Surat,9879300134,Damas Beach Road,TC
7065,Umaid,1988-05-04,Surat,9879300135,Damas Beach Road,TC
8716,Ramlal,1990-01-21,Ambala,9879300136,Railway colony,TC
7818,Ratnik,1990-06-03,Delhi,9879300137,rajguru Marg,TC
8472,Chinu,1991-03-21,Guwahati,9879300138,943 High Street ,TC
2048,Hemil,1973-03-21,Guwahati,9879300139,943 High Street ,TC
4621,Parthiv,1973-07-16,Gwalior,9879300140,Valley street,TC
6519,Shikhar,1975-07-30,Gwalior,9879300141,Valley street,TC
8220,Yash,1975-08-02,Gwalior,9879300142,Kingland area,TC
5961,Jay,1975-11-15,Ahmedabad,9879300143,Nehru area,TC
9708,Jaykant,1976-03-09,Ahmedabad,9879300144,Nehru area,TC
3337,Elliot,1977-03-21,Ahmedabad,9879300145,Galaxy Mall road,TC
2560,Salman,1978-12-05,Ahmedabad,9879300146,Galaxy Mall road,TC
8250,Kiran,1980-11-12,Ahmedabad,9879300147,SG highway,TC
9246,Kalpesh,1980-12-16,Ahmedabad,9879300148,SG highway,TC
1072,Kalpana,1983-01-07,Ahmedabad,9879300149,SG highway,TC
2122,Sapana,1983-04-09,Jaipur,9879300150,HawaMahal area,TC
2535,Sohan,1983-08-23,Jaipur,9879300151,City Central Market,TC
7974,Soham,1983-09-20,Tenali,9879300152,town market,TC
8893,Sohail,1985-01-01,Tenali,9879300153,Railway colony,TC
306,Brij,1985-03-25,Tenali,9879300154,Railway colony,TC
7588,Brijesh,1985-05-16,Tenali,9879300155,town market,TC
7319,Brit,1986-05-21,Jaipur,9879300156,Jaipur Court road,TC
5894,Morris,1986-11-21,Delhi,9879300157,Hyderabad House point,TC
8184,Dale,1988-04-16,Delhi,9879300158,Hillcrest Street,TC
1749,Sran,1988-07-22,Delhi,9879300159,Hillcrest Street,TC
5174,Dipan,1991-09-24,Delhi,9879300160,Airport road,TC
1455,Krish,1991-10-02,Srinagar,9879300161,Hotel Blue Chowk,TC
9443,Kusam,1992-02-11,Srinagar,9879300162,Hotel Blue Chowk,TC
7764,Kadar,1994-10-08,Srinagar,9879300163,Airport road,TC
5156,Moldy,1971-07-13,Trichy,9879300164,NIT-Trichy Road,TC
3862,Shaan,1973-05-19,Thichy,9879300165,NIT-Trichy Road,TC
8,Rami,1974-12-18,Thichy,9879300166,BSNL office road,TC
8135,Dilip,1975-11-05,Ahmedabad,9879300167,SG highway,TC
2356,Sheyash,1976-12-05,Delhi,9879300168,rajguru Marg,TC
624,Harpal,1977-09-08,Mumbai,9879300169,Juhu Beach,TA
4437,Hardeep,1977-10-28,Mumbai,9879300170,515 Hill view,TA
4920,Harry,1978-06-21,Mumbai,9879300171,Sachin Marg,TA
109,Jackk,1979-09-03,Mumbai,9879300172,Malad area,TA
6862,Sahil,1979-12-12,Mumbai,9879300173,Sachin Marg,TA
5903,Barack,1983-03-30,Mumbai,9879300174,Railway colony,TA
4711,Dyawne,1983-12-17,Mumbai,9879300175,Railway colony,TA
4484,Dyana,1984-05-01,Mumbai,9879300176,chess street,TA
1370,Hublo,1985-07-25,Trichy,9879300177,Railway colony,TA
5149,Shiv,1987-09-23,Hyderabad,9879300178,Railway colony,TA
8005,Shivani,1989-12-30,Hyderabad,9979300179,Sheffield Drive ,TA
5337,Parvati,1991-01-21,Hyderabad,9879300180,Sheffield Drive ,TA
6099,Mihir,1991-09-03,Tenali,9879300181,Church Road ,TA
2896,Maharishi,1991-11-09,Srinagar,9879300182,Army Sector-3,TA
438,Rishi,1992-02-11,Shimla,9879300183,St.Paul Church Road ,TA
5831,Valmiki,1992-04-28,Surat,9879300287,Damas Beach Road,ALP
1650,Devraj,1992-11-05,Rajkot,9879300185,Railway colony,ALP
7522,Devrath,1994-02-16,Rajkot,9879300186,Airport road,ALP
395,Ashwina,1995-01-29,Rajkot,9879300187,Mulberry Street ,ALP
1580,Leo,1995-12-11,Rajkot,9878300188,Mulberry Street ,ALP
9255,Sonu,1979-12-12,Ahmedabad,9879300189, Aspen Court ,ALP
497,Monu,1985-01-12,Rajkot,9879300190,Mulberry Street ,ALP
9719,Rajkumar,1985-01-01,Rajkot,9879300191, City Court ,ALP
8315,Manpreet,1972-05-15,Shimla,9879300192,Mall road,ALP
4947,Jalpa,1981-08-19,Srinagar,9879300193,Railpoint Road,TC
2057,Palash,1981-09-19,Ahmedabad,9879300194,Highcourt Road,TC
4756,Juan,1986-02-20,Ambala,9879300195,Cedar Lane ,TC
7777,Jazz,1975-03-26,Ambala,9879300196,guru lane,TC
1122,Komal,1984-11-27,Ambala,9879300197,City Central Market,TC
